salary_usd,key,country,currency,gross_local,net_local,net_usd,tax_and_contributions_pct,rank
30000,au,Australia,AUD,43200,39001,27108,9.7,1
30000,uk,United Kingdom — England,GBP,22700,19864,26287,12.5,2
30000,us-tx,United States — Texas (no state income tax),USD,30000,26285,26285,12.4,3
30000,us-ca,United States — California,USD,30000,25673,25673,14.4,4
30000,ca,Canada — Ontario,CAD,42700,34834,24452,18.4,5
30000,in,India — new regime,INR,2890000,2275120,23618,21.3,6
30000,fr,"France — non-cadre, single",EUR,26600,20409,23058,23.3,7
30000,de,Germany — Steuerklasse I,EUR,26600,19250,21749,27.6,8
50000,us-tx,United States — Texas (no state income tax),USD,50000,42355,42355,15.3,1
50000,uk,United Kingdom — England,GBP,37800,30736,40674,18.7,2
50000,us-ca,United States — California,USD,50000,40665,40665,18.7,3
50000,au,Australia,AUD,71900,58372,40571,18.8,4
50000,ca,Canada — Ontario,CAD,71200,54575,38309,23.4,5
50000,in,India — new regime,INR,4816000,3484648,36175,27.6,6
50000,fr,"France — non-cadre, single",EUR,44300,31895,36036,28.0,7
50000,de,Germany — Steuerklasse I,EUR,44300,29261,33059,33.9,8
75000,us-tx,United States — Texas (no state income tax),USD,75000,61592,61592,17.9,1
75000,us-ca,United States — California,USD,75000,57843,57843,22.9,2
75000,au,Australia,AUD,107900,82852,57586,23.2,3
75000,uk,United Kingdom — England,GBP,56700,43443,57491,23.4,4
75000,ca,Canada — Ontario,CAD,106800,78866,55361,26.2,5
75000,fr,"France — non-cadre, single",EUR,66400,44588,50376,32.8,6
75000,in,India — new regime,INR,7225000,4818100,50017,33.3,7
75000,de,Germany — Steuerklasse I,EUR,66400,40789,46084,38.6,8
100000,us-tx,United States — Texas (no state income tax),USD,100000,79180,79180,20.8,1
100000,au,Australia,AUD,143900,106709,74168,25.8,2
100000,us-ca,United States — California,USD,100000,72825,72825,27.2,3
100000,uk,United Kingdom — England,GBP,75600,54405,71998,28.0,4
100000,ca,Canada — Ontario,CAD,142500,100076,70249,29.8,5
100000,in,India — new regime,INR,9633000,6255194,64936,35.1,6
100000,fr,"France — non-cadre, single",EUR,88500,57358,64804,35.2,7
100000,de,Germany — Steuerklasse I,EUR,88500,52475,59286,40.7,8
150000,us-tx,United States — Texas (no state income tax),USD,150000,113791,113791,24.1,1
150000,au,Australia,AUD,215800,148504,103217,31.2,2
150000,us-ca,United States — California,USD,150000,102136,102136,31.9,3
150000,uk,United Kingdom — England,GBP,113300,73611,97415,35.0,4
150000,ca,Canada — Ontario,CAD,213700,138217,97022,35.3,5
150000,in,India — new regime,INR,14449000,8926989,92672,38.2,6
150000,fr,"France — non-cadre, single",EUR,132800,81398,91964,38.7,7
150000,de,Germany — Steuerklasse I,EUR,132800,75328,85106,43.3,8
250000,us-tx,United States — Texas (no state income tax),USD,250000,183182,183182,26.7,1
250000,us-ca,United States — California,USD,250000,160927,160927,35.6,2
250000,au,Australia,AUD,359700,224771,156227,37.5,3
250000,uk,United Kingdom — England,GBP,188900,111903,148089,40.8,4
250000,ca,Canada — Ontario,CAD,356100,206208,144749,42.1,5
250000,in,India — new regime,INR,24082000,13820350,143471,42.6,6
250000,de,Germany — Steuerklasse I,EUR,221300,124558,140726,43.7,7
250000,fr,"France — non-cadre, single",EUR,221300,123680,139734,44.1,8
