city,name,salary,take_home_mo,fmr_studio,fmr_1bed,fmr_2bed,left_after_1bed_mo,rent_share_of_take_home_pct,salary_needed_1bed,salary_needed_2bed
new-york-city,"New York City, NY",40000,2619,2529,2655,2910,-36,101.4,160327,177741
new-york-city,"New York City, NY",50000,3208,2529,2655,2910,553,82.8,160327,177741
new-york-city,"New York City, NY",60000,3797,2529,2655,2910,1142,69.9,160327,177741
new-york-city,"New York City, NY",70000,4357,2529,2655,2910,1702,60.9,160327,177741
new-york-city,"New York City, NY",75000,4609,2529,2655,2910,1954,57.6,160327,177741
new-york-city,"New York City, NY",80000,4862,2529,2655,2910,2207,54.6,160327,177741
new-york-city,"New York City, NY",90000,5367,2529,2655,2910,2712,49.5,160327,177741
new-york-city,"New York City, NY",100000,5869,2529,2655,2910,3214,45.2,160327,177741
new-york-city,"New York City, NY",120000,6879,2529,2655,2910,4224,38.6,160327,177741
new-york-city,"New York City, NY",150000,8346,2529,2655,2910,5691,31.8,160327,177741
los-angeles,"Los Angeles, CA",40000,2768,1863,2085,2601,683,75.3,117699,153297
los-angeles,"Los Angeles, CA",50000,3389,1863,2085,2601,1304,61.5,117699,153297
los-angeles,"Los Angeles, CA",60000,3998,1863,2085,2601,1913,52.2,117699,153297
los-angeles,"Los Angeles, CA",70000,4566,1863,2085,2601,2481,45.7,117699,153297
los-angeles,"Los Angeles, CA",75000,4820,1863,2085,2601,2735,43.3,117699,153297
los-angeles,"Los Angeles, CA",80000,5073,1863,2085,2601,2988,41.1,117699,153297
los-angeles,"Los Angeles, CA",90000,5571,1863,2085,2601,3486,37.4,117699,153297
los-angeles,"Los Angeles, CA",100000,6069,1863,2085,2601,3984,34.4,117699,153297
los-angeles,"Los Angeles, CA",120000,7065,1863,2085,2601,4980,29.5,117699,153297
los-angeles,"Los Angeles, CA",150000,8511,1863,2085,2601,6426,24.5,117699,153297
chicago,"Chicago, IL",40000,2707,1480,1581,1781,1126,58.4,82974,95207
chicago,"Chicago, IL",50000,3335,1480,1581,1781,1754,47.4,82974,95207
chicago,"Chicago, IL",60000,3964,1480,1581,1781,2383,39.9,82974,95207
chicago,"Chicago, IL",70000,4563,1480,1581,1781,2982,34.6,82974,95207
chicago,"Chicago, IL",75000,4835,1480,1581,1781,3254,32.7,82974,95207
chicago,"Chicago, IL",80000,5108,1480,1581,1781,3527,31.0,82974,95207
chicago,"Chicago, IL",90000,5653,1480,1581,1781,4072,28.0,82974,95207
chicago,"Chicago, IL",100000,6198,1480,1581,1781,4617,25.5,82974,95207
chicago,"Chicago, IL",120000,7288,1480,1581,1781,5707,21.7,82974,95207
chicago,"Chicago, IL",150000,8876,1480,1581,1781,7295,17.8,82974,95207
houston,"Houston, TX",40000,2860,1280,1323,1573,1537,46.3,63149,76887
houston,"Houston, TX",50000,3530,1280,1323,1573,2207,37.5,63149,76887
houston,"Houston, TX",60000,4199,1280,1323,1573,2876,31.5,63149,76887
houston,"Houston, TX",70000,4840,1280,1323,1573,3517,27.3,63149,76887
houston,"Houston, TX",75000,5133,1280,1323,1573,3810,25.8,63149,76887
houston,"Houston, TX",80000,5426,1280,1323,1573,4103,24.4,63149,76887
houston,"Houston, TX",90000,6012,1280,1323,1573,4689,22.0,63149,76887
houston,"Houston, TX",100000,6598,1280,1323,1573,5275,20.1,63149,76887
houston,"Houston, TX",120000,7771,1280,1323,1573,6448,17.0,63149,76887
houston,"Houston, TX",150000,9483,1280,1323,1573,8160,14.0,63149,76887
phoenix,"Phoenix, AZ",40000,2810,1457,1583,1839,1227,56.3,79716,94808
phoenix,"Phoenix, AZ",50000,3459,1457,1583,1839,1876,45.8,79716,94808
phoenix,"Phoenix, AZ",60000,4108,1457,1583,1839,2525,38.5,79716,94808
phoenix,"Phoenix, AZ",70000,4727,1457,1583,1839,3144,33.5,79716,94808
phoenix,"Phoenix, AZ",75000,5010,1457,1583,1839,3427,31.6,79716,94808
phoenix,"Phoenix, AZ",80000,5293,1457,1583,1839,3710,29.9,79716,94808
phoenix,"Phoenix, AZ",90000,5858,1457,1583,1839,4275,27.0,79716,94808
phoenix,"Phoenix, AZ",100000,6424,1457,1583,1839,4841,24.6,79716,94808
phoenix,"Phoenix, AZ",120000,7554,1457,1583,1839,5971,21.0,79716,94808
phoenix,"Phoenix, AZ",150000,9204,1457,1583,1839,7621,17.2,79716,94808
philadelphia,"Philadelphia, PA",40000,2631,1397,1520,1810,1111,57.8,81881,100158
philadelphia,"Philadelphia, PA",50000,3243,1397,1520,1810,1723,46.9,81881,100158
philadelphia,"Philadelphia, PA",60000,3855,1397,1520,1810,2335,39.4,81881,100158
philadelphia,"Philadelphia, PA",70000,4438,1397,1520,1810,2918,34.2,81881,100158
philadelphia,"Philadelphia, PA",75000,4703,1397,1520,1810,3183,32.3,81881,100158
philadelphia,"Philadelphia, PA",80000,4967,1397,1520,1810,3447,30.6,81881,100158
philadelphia,"Philadelphia, PA",90000,5496,1397,1520,1810,3976,27.7,81881,100158
philadelphia,"Philadelphia, PA",100000,6025,1397,1520,1810,4505,25.2,81881,100158
philadelphia,"Philadelphia, PA",120000,7083,1397,1520,1810,5563,21.5,81881,100158
philadelphia,"Philadelphia, PA",150000,8623,1397,1520,1810,7103,17.6,81881,100158
san-antonio,"San Antonio, TX",40000,2860,1077,1177,1426,1683,41.2,55881,68529
san-antonio,"San Antonio, TX",50000,3530,1077,1177,1426,2353,33.3,55881,68529
san-antonio,"San Antonio, TX",60000,4199,1077,1177,1426,3022,28.0,55881,68529
san-antonio,"San Antonio, TX",70000,4840,1077,1177,1426,3663,24.3,55881,68529
san-antonio,"San Antonio, TX",75000,5133,1077,1177,1426,3956,22.9,55881,68529
san-antonio,"San Antonio, TX",80000,5426,1077,1177,1426,4249,21.7,55881,68529
san-antonio,"San Antonio, TX",90000,6012,1077,1177,1426,4835,19.6,55881,68529
san-antonio,"San Antonio, TX",100000,6598,1077,1177,1426,5421,17.8,55881,68529
san-antonio,"San Antonio, TX",120000,7771,1077,1177,1426,6594,15.1,55881,68529
san-antonio,"San Antonio, TX",150000,9483,1077,1177,1426,8306,12.4,55881,68529
san-diego,"San Diego, CA",40000,2768,2288,2459,3001,309,88.8,143461,181003
san-diego,"San Diego, CA",50000,3389,2288,2459,3001,930,72.6,143461,181003
san-diego,"San Diego, CA",60000,3998,2288,2459,3001,1539,61.5,143461,181003
san-diego,"San Diego, CA",70000,4566,2288,2459,3001,2107,53.9,143461,181003
san-diego,"San Diego, CA",75000,4820,2288,2459,3001,2361,51.0,143461,181003
san-diego,"San Diego, CA",80000,5073,2288,2459,3001,2614,48.5,143461,181003
san-diego,"San Diego, CA",90000,5571,2288,2459,3001,3112,44.1,143461,181003
san-diego,"San Diego, CA",100000,6069,2288,2459,3001,3610,40.5,143461,181003
san-diego,"San Diego, CA",120000,7065,2288,2459,3001,4606,34.8,143461,181003
san-diego,"San Diego, CA",150000,8511,2288,2459,3001,6052,28.9,143461,181003
dallas,"Dallas, TX",40000,2860,1582,1648,1931,1212,57.6,81151,97242
dallas,"Dallas, TX",50000,3530,1582,1648,1931,1882,46.7,81151,97242
dallas,"Dallas, TX",60000,4199,1582,1648,1931,2551,39.2,81151,97242
dallas,"Dallas, TX",70000,4840,1582,1648,1931,3192,34.1,81151,97242
dallas,"Dallas, TX",75000,5133,1582,1648,1931,3485,32.1,81151,97242
dallas,"Dallas, TX",80000,5426,1582,1648,1931,3778,30.4,81151,97242
dallas,"Dallas, TX",90000,6012,1582,1648,1931,4364,27.4,81151,97242
dallas,"Dallas, TX",100000,6598,1582,1648,1931,4950,25.0,81151,97242
dallas,"Dallas, TX",120000,7771,1582,1648,1931,6123,21.2,81151,97242
dallas,"Dallas, TX",150000,9483,1582,1648,1931,7835,17.4,81151,97242
san-jose,"San Jose, CA",40000,2768,2621,2982,3483,-214,107.7,179687,211654
san-jose,"San Jose, CA",50000,3389,2621,2982,3483,407,88.0,179687,211654
san-jose,"San Jose, CA",60000,3998,2621,2982,3483,1016,74.6,179687,211654
san-jose,"San Jose, CA",70000,4566,2621,2982,3483,1584,65.3,179687,211654
san-jose,"San Jose, CA",75000,4820,2621,2982,3483,1838,61.9,179687,211654
san-jose,"San Jose, CA",80000,5073,2621,2982,3483,2091,58.8,179687,211654
san-jose,"San Jose, CA",90000,5571,2621,2982,3483,2589,53.5,179687,211654
san-jose,"San Jose, CA",100000,6069,2621,2982,3483,3087,49.1,179687,211654
san-jose,"San Jose, CA",120000,7065,2621,2982,3483,4083,42.2,179687,211654
san-jose,"San Jose, CA",150000,8511,2621,2982,3483,5529,35.0,179687,211654
austin,"Austin, TX",40000,2860,1474,1562,1852,1298,54.6,76262,92751
austin,"Austin, TX",50000,3530,1474,1562,1852,1968,44.3,76262,92751
austin,"Austin, TX",60000,4199,1474,1562,1852,2637,37.2,76262,92751
austin,"Austin, TX",70000,4840,1474,1562,1852,3278,32.3,76262,92751
austin,"Austin, TX",75000,5133,1474,1562,1852,3571,30.4,76262,92751
austin,"Austin, TX",80000,5426,1474,1562,1852,3864,28.8,76262,92751
austin,"Austin, TX",90000,6012,1474,1562,1852,4450,26.0,76262,92751
austin,"Austin, TX",100000,6598,1474,1562,1852,5036,23.7,76262,92751
austin,"Austin, TX",120000,7771,1474,1562,1852,6209,20.1,76262,92751
austin,"Austin, TX",150000,9483,1474,1562,1852,7921,16.5,76262,92751
jacksonville,"Jacksonville, FL",40000,2860,1355,1382,1658,1478,48.3,66086,81720
jacksonville,"Jacksonville, FL",50000,3530,1355,1382,1658,2148,39.2,66086,81720
jacksonville,"Jacksonville, FL",60000,4199,1355,1382,1658,2817,32.9,66086,81720
jacksonville,"Jacksonville, FL",70000,4840,1355,1382,1658,3458,28.6,66086,81720
jacksonville,"Jacksonville, FL",75000,5133,1355,1382,1658,3751,26.9,66086,81720
jacksonville,"Jacksonville, FL",80000,5426,1355,1382,1658,4044,25.5,66086,81720
jacksonville,"Jacksonville, FL",90000,6012,1355,1382,1658,4630,23.0,66086,81720
jacksonville,"Jacksonville, FL",100000,6598,1355,1382,1658,5216,20.9,66086,81720
jacksonville,"Jacksonville, FL",120000,7771,1355,1382,1658,6389,17.8,66086,81720
jacksonville,"Jacksonville, FL",150000,9483,1355,1382,1658,8101,14.6,66086,81720
san-francisco,"San Francisco, CA",40000,2768,2485,2977,3604,-209,107.5,179340,219542
san-francisco,"San Francisco, CA",50000,3389,2485,2977,3604,412,87.8,179340,219542
san-francisco,"San Francisco, CA",60000,3998,2485,2977,3604,1021,74.5,179340,219542
san-francisco,"San Francisco, CA",70000,4566,2485,2977,3604,1589,65.2,179340,219542
san-francisco,"San Francisco, CA",75000,4820,2485,2977,3604,1843,61.8,179340,219542
san-francisco,"San Francisco, CA",80000,5073,2485,2977,3604,2096,58.7,179340,219542
san-francisco,"San Francisco, CA",90000,5571,2485,2977,3604,2594,53.4,179340,219542
san-francisco,"San Francisco, CA",100000,6069,2485,2977,3604,3092,49.1,179340,219542
san-francisco,"San Francisco, CA",120000,7065,2485,2977,3604,4088,42.1,179340,219542
san-francisco,"San Francisco, CA",150000,8511,2485,2977,3604,5534,35.0,179340,219542
columbus,"Columbus, OH",40000,2750,1111,1194,1430,1556,43.4,59660,73110
columbus,"Columbus, OH",50000,3375,1111,1194,1430,2181,35.4,59660,73110
columbus,"Columbus, OH",60000,4001,1111,1194,1430,2807,29.8,59660,73110
columbus,"Columbus, OH",70000,4598,1111,1194,1430,3404,26.0,59660,73110
columbus,"Columbus, OH",75000,4869,1111,1194,1430,3675,24.5,59660,73110
columbus,"Columbus, OH",80000,5140,1111,1194,1430,3946,23.2,59660,73110
columbus,"Columbus, OH",90000,5682,1111,1194,1430,4488,21.0,59660,73110
columbus,"Columbus, OH",100000,6225,1111,1194,1430,5031,19.2,59660,73110
columbus,"Columbus, OH",120000,7310,1111,1194,1430,6116,16.3,59660,73110
columbus,"Columbus, OH",150000,8890,1111,1194,1430,7696,13.4,59660,73110
charlotte,"Charlotte, NC",40000,2769,1469,1538,1686,1231,55.5,78634,87555
charlotte,"Charlotte, NC",50000,3406,1469,1538,1686,1868,45.2,78634,87555
charlotte,"Charlotte, NC",60000,4042,1469,1538,1686,2504,38.0,78634,87555
charlotte,"Charlotte, NC",70000,4649,1469,1538,1686,3111,33.1,78634,87555
charlotte,"Charlotte, NC",75000,4926,1469,1538,1686,3388,31.2,78634,87555
charlotte,"Charlotte, NC",80000,5202,1469,1538,1686,3664,29.6,78634,87555
charlotte,"Charlotte, NC",90000,5755,1469,1538,1686,4217,26.7,78634,87555
charlotte,"Charlotte, NC",100000,6308,1469,1538,1686,4770,24.4,78634,87555
charlotte,"Charlotte, NC",120000,7414,1469,1538,1686,5876,20.7,78634,87555
charlotte,"Charlotte, NC",150000,9026,1469,1538,1686,7488,17.0,78634,87555
indianapolis,"Indianapolis, IN",40000,2697,1118,1267,1473,1430,47.0,64302,76569
indianapolis,"Indianapolis, IN",50000,3325,1118,1267,1473,2058,38.1,64302,76569
indianapolis,"Indianapolis, IN",60000,3953,1118,1267,1473,2686,32.1,64302,76569
indianapolis,"Indianapolis, IN",70000,4552,1118,1267,1473,3285,27.8,64302,76569
indianapolis,"Indianapolis, IN",75000,4825,1118,1267,1473,3558,26.3,64302,76569
indianapolis,"Indianapolis, IN",80000,5097,1118,1267,1473,3830,24.9,64302,76569
indianapolis,"Indianapolis, IN",90000,5642,1118,1267,1473,4375,22.5,64302,76569
indianapolis,"Indianapolis, IN",100000,6187,1118,1267,1473,4920,20.5,64302,76569
indianapolis,"Indianapolis, IN",120000,7276,1118,1267,1473,6009,17.4,64302,76569
indianapolis,"Indianapolis, IN",150000,8864,1118,1267,1473,7597,14.3,64302,76569
seattle,"Seattle, WA",40000,2814,2074,2146,2501,668,76.3,111669,132572
seattle,"Seattle, WA",50000,3472,2074,2146,2501,1326,61.8,111669,132572
seattle,"Seattle, WA",60000,4130,2074,2146,2501,1984,52.0,111669,132572
seattle,"Seattle, WA",70000,4759,2074,2146,2501,2613,45.1,111669,132572
seattle,"Seattle, WA",75000,5046,2074,2146,2501,2900,42.5,111669,132572
seattle,"Seattle, WA",80000,5333,2074,2146,2501,3187,40.2,111669,132572
seattle,"Seattle, WA",90000,5908,2074,2146,2501,3762,36.3,111669,132572
seattle,"Seattle, WA",100000,6483,2074,2146,2501,4337,33.1,111669,132572
seattle,"Seattle, WA",120000,7632,2074,2146,2501,5486,28.1,111669,132572
seattle,"Seattle, WA",150000,9309,2074,2146,2501,7163,23.1,111669,132572
denver,"Denver, CO",40000,2757,1643,1754,2089,1003,63.6,92552,113010
denver,"Denver, CO",50000,3387,1643,1754,2089,1633,51.8,92552,113010
denver,"Denver, CO",60000,4016,1643,1754,2089,2262,43.7,92552,113010
denver,"Denver, CO",70000,4616,1643,1754,2089,2862,38.0,92552,113010
denver,"Denver, CO",75000,4889,1643,1754,2089,3135,35.9,92552,113010
denver,"Denver, CO",80000,5162,1643,1754,2089,3408,34.0,92552,113010
denver,"Denver, CO",90000,5707,1643,1754,2089,3953,30.7,92552,113010
denver,"Denver, CO",100000,6253,1643,1754,2089,4499,28.0,92552,113010
denver,"Denver, CO",120000,7345,1643,1754,2089,5591,23.9,92552,113010
denver,"Denver, CO",150000,8935,1643,1754,2089,7181,19.6,92552,113010
washington-dc,"Washington, DC, DC",40000,2757,1953,2015,2246,742,73.1,111239,126325
washington-dc,"Washington, DC, DC",50000,3377,1953,2015,2246,1362,59.7,111239,126325
washington-dc,"Washington, DC, DC",60000,3995,1953,2015,2246,1980,50.4,111239,126325
washington-dc,"Washington, DC, DC",70000,4581,1953,2015,2246,2566,44.0,111239,126325
washington-dc,"Washington, DC, DC",75000,4847,1953,2015,2246,2832,41.6,111239,126325
washington-dc,"Washington, DC, DC",80000,5107,1953,2015,2246,3092,39.5,111239,126325
washington-dc,"Washington, DC, DC",90000,5622,1953,2015,2246,3607,35.8,111239,126325
washington-dc,"Washington, DC, DC",100000,6137,1953,2015,2246,4122,32.8,111239,126325
washington-dc,"Washington, DC, DC",120000,7168,1953,2015,2246,5153,28.1,111239,126325
washington-dc,"Washington, DC, DC",150000,8667,1953,2015,2246,6652,23.2,111239,126325
boston,"Boston, MA",40000,2705,2359,2476,2941,229,91.5,139059,168634
boston,"Boston, MA",50000,3329,2359,2476,2941,853,74.4,139059,168634
boston,"Boston, MA",60000,3953,2359,2476,2941,1477,62.6,139059,168634
boston,"Boston, MA",70000,4548,2359,2476,2941,2072,54.4,139059,168634
boston,"Boston, MA",75000,4818,2359,2476,2941,2342,51.4,139059,168634
boston,"Boston, MA",80000,5088,2359,2476,2941,2612,48.7,139059,168634
boston,"Boston, MA",90000,5629,2359,2476,2941,3153,44.0,139059,168634
boston,"Boston, MA",100000,6170,2359,2476,2941,3694,40.1,139059,168634
boston,"Boston, MA",120000,7252,2359,2476,2941,4776,34.1,139059,168634
boston,"Boston, MA",150000,8827,2359,2476,2941,6351,28.1,139059,168634
nashville,"Nashville, TN",40000,2860,1507,1578,1730,1282,55.2,77171,85814
nashville,"Nashville, TN",50000,3530,1507,1578,1730,1952,44.7,77171,85814
nashville,"Nashville, TN",60000,4199,1507,1578,1730,2621,37.6,77171,85814
nashville,"Nashville, TN",70000,4840,1507,1578,1730,3262,32.6,77171,85814
nashville,"Nashville, TN",75000,5133,1507,1578,1730,3555,30.7,77171,85814
nashville,"Nashville, TN",80000,5426,1507,1578,1730,3848,29.1,77171,85814
nashville,"Nashville, TN",90000,6012,1507,1578,1730,4434,26.2,77171,85814
nashville,"Nashville, TN",100000,6598,1507,1578,1730,5020,23.9,77171,85814
nashville,"Nashville, TN",120000,7771,1507,1578,1730,6193,20.3,77171,85814
nashville,"Nashville, TN",150000,9483,1507,1578,1730,7905,16.6,77171,85814
detroit,"Detroit, MI",40000,2659,1009,1122,1411,1537,42.2,57597,74347
detroit,"Detroit, MI",50000,3273,1009,1122,1411,2151,34.3,57597,74347
detroit,"Detroit, MI",60000,3888,1009,1122,1411,2766,28.9,57597,74347
detroit,"Detroit, MI",70000,4473,1009,1122,1411,3351,25.1,57597,74347
detroit,"Detroit, MI",75000,4738,1009,1122,1411,3616,23.7,57597,74347
detroit,"Detroit, MI",80000,5003,1009,1122,1411,3881,22.4,57597,74347
detroit,"Detroit, MI",90000,5534,1009,1122,1411,4412,20.3,57597,74347
detroit,"Detroit, MI",100000,6065,1009,1122,1411,4943,18.5,57597,74347
detroit,"Detroit, MI",120000,7127,1009,1122,1411,6005,15.7,57597,74347
detroit,"Detroit, MI",150000,8672,1009,1122,1411,7550,12.9,57597,74347
portland,"Portland, OR",40000,2633,1570,1677,1922,956,63.7,93101,109193
portland,"Portland, OR",50000,3233,1570,1677,1922,1556,51.9,93101,109193
portland,"Portland, OR",60000,3832,1570,1677,1922,2155,43.8,93101,109193
portland,"Portland, OR",70000,4405,1570,1677,1922,2728,38.1,93101,109193
portland,"Portland, OR",75000,4667,1570,1677,1922,2990,35.9,93101,109193
portland,"Portland, OR",80000,4925,1570,1677,1922,3248,34.0,93101,109193
portland,"Portland, OR",90000,5433,1570,1677,1922,3756,30.9,93101,109193
portland,"Portland, OR",100000,5940,1570,1677,1922,4263,28.2,93101,109193
portland,"Portland, OR",120000,6955,1570,1677,1922,5278,24.1,93101,109193
portland,"Portland, OR",150000,8303,1570,1677,1922,6626,20.2,93101,109193
las-vegas,"Las Vegas, NV",40000,2860,1333,1478,1735,1382,51.7,71485,86098
las-vegas,"Las Vegas, NV",50000,3530,1333,1478,1735,2052,41.9,71485,86098
las-vegas,"Las Vegas, NV",60000,4199,1333,1478,1735,2721,35.2,71485,86098
las-vegas,"Las Vegas, NV",70000,4840,1333,1478,1735,3362,30.5,71485,86098
las-vegas,"Las Vegas, NV",75000,5133,1333,1478,1735,3655,28.8,71485,86098
las-vegas,"Las Vegas, NV",80000,5426,1333,1478,1735,3948,27.2,71485,86098
las-vegas,"Las Vegas, NV",90000,6012,1333,1478,1735,4534,24.6,71485,86098
las-vegas,"Las Vegas, NV",100000,6598,1333,1478,1735,5120,22.4,71485,86098
las-vegas,"Las Vegas, NV",120000,7771,1333,1478,1735,6293,19.0,71485,86098
las-vegas,"Las Vegas, NV",150000,9483,1333,1478,1735,8005,15.6,71485,86098
atlanta,"Atlanta, GA",40000,2756,1585,1660,1820,1096,60.2,86936,96728
atlanta,"Atlanta, GA",50000,3384,1585,1660,1820,1724,49.1,86936,96728
atlanta,"Atlanta, GA",60000,4012,1585,1660,1820,2352,41.4,86936,96728
atlanta,"Atlanta, GA",70000,4611,1585,1660,1820,2951,36.0,86936,96728
atlanta,"Atlanta, GA",75000,4883,1585,1660,1820,3223,34.0,86936,96728
atlanta,"Atlanta, GA",80000,5156,1585,1660,1820,3496,32.2,86936,96728
atlanta,"Atlanta, GA",90000,5700,1585,1660,1820,4040,29.1,86936,96728
atlanta,"Atlanta, GA",100000,6245,1585,1660,1820,4585,26.6,86936,96728
atlanta,"Atlanta, GA",120000,7334,1585,1660,1820,5674,22.6,86936,96728
atlanta,"Atlanta, GA",150000,8921,1585,1660,1820,7261,18.6,86936,96728
miami,"Miami, FL",40000,2860,1828,1995,2436,865,69.8,100881,126078
miami,"Miami, FL",50000,3530,1828,1995,2436,1535,56.5,100881,126078
miami,"Miami, FL",60000,4199,1828,1995,2436,2204,47.5,100881,126078
miami,"Miami, FL",70000,4840,1828,1995,2436,2845,41.2,100881,126078
miami,"Miami, FL",75000,5133,1828,1995,2436,3138,38.9,100881,126078
miami,"Miami, FL",80000,5426,1828,1995,2436,3431,36.8,100881,126078
miami,"Miami, FL",90000,6012,1828,1995,2436,4017,33.2,100881,126078
miami,"Miami, FL",100000,6598,1828,1995,2436,4603,30.2,100881,126078
miami,"Miami, FL",120000,7771,1828,1995,2436,5776,25.7,100881,126078
miami,"Miami, FL",150000,9483,1828,1995,2436,7488,21.0,100881,126078
minneapolis,"Minneapolis, MN",40000,2735,1242,1405,1709,1330,51.4,72646,91913
minneapolis,"Minneapolis, MN",50000,3355,1242,1405,1709,1950,41.9,72646,91913
minneapolis,"Minneapolis, MN",60000,3964,1242,1405,1709,2559,35.4,72646,91913
minneapolis,"Minneapolis, MN",70000,4544,1242,1405,1709,3139,30.9,72646,91913
minneapolis,"Minneapolis, MN",75000,4807,1242,1405,1709,3402,29.2,72646,91913
minneapolis,"Minneapolis, MN",80000,5070,1242,1405,1709,3665,27.7,72646,91913
minneapolis,"Minneapolis, MN",90000,5596,1242,1405,1709,4191,25.1,72646,91913
minneapolis,"Minneapolis, MN",100000,6122,1242,1405,1709,4717,23.0,72646,91913
minneapolis,"Minneapolis, MN",120000,7174,1242,1405,1709,5769,19.6,72646,91913
minneapolis,"Minneapolis, MN",150000,8682,1242,1405,1709,7277,16.2,72646,91913
baltimore,"Baltimore, MD",40000,2625,1362,1511,1857,1114,57.6,82126,104427
baltimore,"Baltimore, MD",50000,3229,1362,1511,1857,1718,46.8,82126,104427
baltimore,"Baltimore, MD",60000,3832,1362,1511,1857,2321,39.4,82126,104427
baltimore,"Baltimore, MD",70000,4406,1362,1511,1857,2895,34.3,82126,104427
baltimore,"Baltimore, MD",75000,4666,1362,1511,1857,3155,32.4,82126,104427
baltimore,"Baltimore, MD",80000,4926,1362,1511,1857,3415,30.7,82126,104427
baltimore,"Baltimore, MD",90000,5446,1362,1511,1857,3935,27.7,82126,104427
baltimore,"Baltimore, MD",100000,5966,1362,1511,1857,4455,25.3,82126,104427
baltimore,"Baltimore, MD",120000,6997,1362,1511,1857,5486,21.6,82126,104427
baltimore,"Baltimore, MD",150000,8496,1362,1511,1857,6985,17.8,82126,104427
pittsburgh,"Pittsburgh, PA",40000,2655,1001,1077,1299,1578,40.6,55114,67170
pittsburgh,"Pittsburgh, PA",50000,3274,1001,1077,1299,2197,32.9,55114,67170
pittsburgh,"Pittsburgh, PA",60000,3892,1001,1077,1299,2815,27.7,55114,67170
pittsburgh,"Pittsburgh, PA",70000,4481,1001,1077,1299,3404,24.0,55114,67170
pittsburgh,"Pittsburgh, PA",75000,4749,1001,1077,1299,3672,22.7,55114,67170
pittsburgh,"Pittsburgh, PA",80000,5016,1001,1077,1299,3940,21.5,55114,67170
pittsburgh,"Pittsburgh, PA",90000,5552,1001,1077,1299,4475,19.4,55114,67170
pittsburgh,"Pittsburgh, PA",100000,6087,1001,1077,1299,5010,17.7,55114,67170
pittsburgh,"Pittsburgh, PA",120000,7157,1001,1077,1299,6080,15.0,55114,67170
pittsburgh,"Pittsburgh, PA",150000,8715,1001,1077,1299,7638,12.4,55114,67170
cleveland,"Cleveland, OH",40000,2750,933,1058,1279,1692,38.5,52416,64187
cleveland,"Cleveland, OH",50000,3375,933,1058,1279,2317,31.3,52416,64187
cleveland,"Cleveland, OH",60000,4001,933,1058,1279,2943,26.4,52416,64187
cleveland,"Cleveland, OH",70000,4598,933,1058,1279,3540,23.0,52416,64187
cleveland,"Cleveland, OH",75000,4869,933,1058,1279,3811,21.7,52416,64187
cleveland,"Cleveland, OH",80000,5140,933,1058,1279,4082,20.6,52416,64187
cleveland,"Cleveland, OH",90000,5682,933,1058,1279,4624,18.6,52416,64187
cleveland,"Cleveland, OH",100000,6225,933,1058,1279,5167,17.0,52416,64187
cleveland,"Cleveland, OH",120000,7310,933,1058,1279,6252,14.5,52416,64187
cleveland,"Cleveland, OH",150000,8890,933,1058,1279,7832,11.9,52416,64187
louisville,"Louisville, KY",40000,2680,966,1047,1272,1633,39.1,53024,65080
louisville,"Louisville, KY",50000,3302,966,1047,1272,2255,31.7,53024,65080
louisville,"Louisville, KY",60000,3924,966,1047,1272,2877,26.7,53024,65080
louisville,"Louisville, KY",70000,4517,966,1047,1272,3470,23.2,53024,65080
louisville,"Louisville, KY",75000,4786,966,1047,1272,3739,21.9,53024,65080
louisville,"Louisville, KY",80000,5056,966,1047,1272,4009,20.7,53024,65080
louisville,"Louisville, KY",90000,5594,966,1047,1272,4547,18.7,53024,65080
louisville,"Louisville, KY",100000,6133,966,1047,1272,5086,17.1,53024,65080
louisville,"Louisville, KY",120000,7211,966,1047,1272,6164,14.5,53024,65080
louisville,"Louisville, KY",150000,8780,966,1047,1272,7733,11.9,53024,65080
kansas-city,"Kansas City, MO",40000,2751,1095,1197,1358,1554,43.5,59916,68845
kansas-city,"Kansas City, MO",50000,3374,1095,1197,1358,2177,35.5,59916,68845
kansas-city,"Kansas City, MO",60000,3995,1095,1197,1358,2798,30.0,59916,68845
kansas-city,"Kansas City, MO",70000,4589,1095,1197,1358,3392,26.1,59916,68845
kansas-city,"Kansas City, MO",75000,4859,1095,1197,1358,3662,24.6,59916,68845
kansas-city,"Kansas City, MO",80000,5129,1095,1197,1358,3932,23.3,59916,68845
kansas-city,"Kansas City, MO",90000,5669,1095,1197,1358,4472,21.1,59916,68845
kansas-city,"Kansas City, MO",100000,6209,1095,1197,1358,5012,19.3,59916,68845
kansas-city,"Kansas City, MO",120000,7282,1095,1197,1358,6085,16.4,59916,68845
kansas-city,"Kansas City, MO",150000,8848,1095,1197,1358,7651,13.5,59916,68845
st-louis,"St. Louis, MO",40000,2751,955,995,1218,1756,36.2,49081,61040
st-louis,"St. Louis, MO",50000,3374,955,995,1218,2379,29.5,49081,61040
st-louis,"St. Louis, MO",60000,3995,955,995,1218,3000,24.9,49081,61040
st-louis,"St. Louis, MO",70000,4589,955,995,1218,3594,21.7,49081,61040
st-louis,"St. Louis, MO",75000,4859,955,995,1218,3864,20.5,49081,61040
st-louis,"St. Louis, MO",80000,5129,955,995,1218,4134,19.4,49081,61040
st-louis,"St. Louis, MO",90000,5669,955,995,1218,4674,17.6,49081,61040
st-louis,"St. Louis, MO",100000,6209,955,995,1218,5214,16.0,49081,61040
st-louis,"St. Louis, MO",120000,7282,955,995,1218,6287,13.7,49081,61040
st-louis,"St. Louis, MO",150000,8848,955,995,1218,7853,11.2,49081,61040
salt-lake-city,"Salt Lake City, UT",40000,2779,1259,1456,1747,1323,52.4,74426,92445
salt-lake-city,"Salt Lake City, UT",50000,3401,1259,1456,1747,1945,42.8,74426,92445
salt-lake-city,"Salt Lake City, UT",60000,4023,1259,1456,1747,2567,36.2,74426,92445
salt-lake-city,"Salt Lake City, UT",70000,4615,1259,1456,1747,3159,31.5,74426,92445
salt-lake-city,"Salt Lake City, UT",75000,4884,1259,1456,1747,3428,29.8,74426,92445
salt-lake-city,"Salt Lake City, UT",80000,5153,1259,1456,1747,3697,28.3,74426,92445
salt-lake-city,"Salt Lake City, UT",90000,5692,1259,1456,1747,4236,25.6,74426,92445
salt-lake-city,"Salt Lake City, UT",100000,6230,1259,1456,1747,4774,23.4,74426,92445
salt-lake-city,"Salt Lake City, UT",120000,7326,1259,1456,1747,5870,19.9,74426,92445
salt-lake-city,"Salt Lake City, UT",150000,8926,1259,1456,1747,7470,16.3,74426,92445
raleigh,"Raleigh, NC",40000,2769,1524,1596,1750,1173,57.6,82130,91412
raleigh,"Raleigh, NC",50000,3406,1524,1596,1750,1810,46.9,82130,91412
raleigh,"Raleigh, NC",60000,4042,1524,1596,1750,2446,39.5,82130,91412
raleigh,"Raleigh, NC",70000,4649,1524,1596,1750,3053,34.3,82130,91412
raleigh,"Raleigh, NC",75000,4926,1524,1596,1750,3330,32.4,82130,91412
raleigh,"Raleigh, NC",80000,5202,1524,1596,1750,3606,30.7,82130,91412
raleigh,"Raleigh, NC",90000,5755,1524,1596,1750,4159,27.7,82130,91412
raleigh,"Raleigh, NC",100000,6308,1524,1596,1750,4712,25.3,82130,91412
raleigh,"Raleigh, NC",120000,7414,1524,1596,1750,5818,21.5,82130,91412
raleigh,"Raleigh, NC",150000,9026,1524,1596,1750,7430,17.7,82130,91412
tampa,"Tampa, FL",40000,2860,1593,1696,1977,1164,59.3,83881,99858
tampa,"Tampa, FL",50000,3530,1593,1696,1977,1834,48.1,83881,99858
tampa,"Tampa, FL",60000,4199,1593,1696,1977,2503,40.4,83881,99858
tampa,"Tampa, FL",70000,4840,1593,1696,1977,3144,35.0,83881,99858
tampa,"Tampa, FL",75000,5133,1593,1696,1977,3437,33.0,83881,99858
tampa,"Tampa, FL",80000,5426,1593,1696,1977,3730,31.3,83881,99858
tampa,"Tampa, FL",90000,6012,1593,1696,1977,4316,28.2,83881,99858
tampa,"Tampa, FL",100000,6598,1593,1696,1977,4902,25.7,83881,99858
tampa,"Tampa, FL",120000,7771,1593,1696,1977,6075,21.8,83881,99858
tampa,"Tampa, FL",150000,9483,1593,1696,1977,7787,17.9,83881,99858
orlando,"Orlando, FL",40000,2860,1650,1731,1972,1129,60.5,85871,99574
orlando,"Orlando, FL",50000,3530,1650,1731,1972,1799,49.0,85871,99574
orlando,"Orlando, FL",60000,4199,1650,1731,1972,2468,41.2,85871,99574
orlando,"Orlando, FL",70000,4840,1650,1731,1972,3109,35.8,85871,99574
orlando,"Orlando, FL",75000,5133,1650,1731,1972,3402,33.7,85871,99574
orlando,"Orlando, FL",80000,5426,1650,1731,1972,3695,31.9,85871,99574
orlando,"Orlando, FL",90000,6012,1650,1731,1972,4281,28.8,85871,99574
orlando,"Orlando, FL",100000,6598,1650,1731,1972,4867,26.2,85871,99574
orlando,"Orlando, FL",120000,7771,1650,1731,1972,6040,22.3,85871,99574
orlando,"Orlando, FL",150000,9483,1650,1731,1972,7752,18.3,85871,99574
sacramento,"Sacramento, CA",40000,2768,1748,1832,2255,936,66.2,100761,129332
sacramento,"Sacramento, CA",50000,3389,1748,1832,2255,1557,54.1,100761,129332
sacramento,"Sacramento, CA",60000,3998,1748,1832,2255,2166,45.8,100761,129332
sacramento,"Sacramento, CA",70000,4566,1748,1832,2255,2734,40.1,100761,129332
sacramento,"Sacramento, CA",75000,4820,1748,1832,2255,2988,38.0,100761,129332
sacramento,"Sacramento, CA",80000,5073,1748,1832,2255,3241,36.1,100761,129332
sacramento,"Sacramento, CA",90000,5571,1748,1832,2255,3739,32.9,100761,129332
sacramento,"Sacramento, CA",100000,6069,1748,1832,2255,4237,30.2,100761,129332
sacramento,"Sacramento, CA",120000,7065,1748,1832,2255,5233,25.9,100761,129332
sacramento,"Sacramento, CA",150000,8511,1748,1832,2255,6679,21.5,100761,129332
honolulu,"Honolulu, HI",40000,2712,1877,2016,2642,696,74.3,112623,153653
honolulu,"Honolulu, HI",50000,3318,1877,2016,2642,1302,60.8,112623,153653
honolulu,"Honolulu, HI",60000,3922,1877,2016,2642,1906,51.4,112623,153653
honolulu,"Honolulu, HI",70000,4495,1877,2016,2642,2479,44.9,112623,153653
honolulu,"Honolulu, HI",75000,4754,1877,2016,2642,2738,42.4,112623,153653
honolulu,"Honolulu, HI",80000,5014,1877,2016,2642,2998,40.2,112623,153653
honolulu,"Honolulu, HI",90000,5537,1877,2016,2642,3521,36.4,112623,153653
honolulu,"Honolulu, HI",100000,6060,1877,2016,2642,4044,33.3,112623,153653
honolulu,"Honolulu, HI",120000,7106,1877,2016,2642,5090,28.4,112623,153653
honolulu,"Honolulu, HI",150000,8623,1877,2016,2642,6607,23.4,112623,153653
newark,"Newark, NJ",40000,2775,1612,1822,2205,953,65.7,97625,121728
newark,"Newark, NJ",50000,3395,1612,1822,2205,1573,53.7,97625,121728
newark,"Newark, NJ",60000,4015,1612,1822,2205,2193,45.4,97625,121728
newark,"Newark, NJ",70000,4606,1612,1822,2205,2784,39.6,97625,121728
newark,"Newark, NJ",75000,4874,1612,1822,2205,3052,37.4,97625,121728
newark,"Newark, NJ",80000,5140,1612,1822,2205,3318,35.4,97625,121728
newark,"Newark, NJ",90000,5669,1612,1822,2205,3847,32.1,97625,121728
newark,"Newark, NJ",100000,6199,1612,1822,2205,4377,29.4,97625,121728
newark,"Newark, NJ",120000,7258,1612,1822,2205,5436,25.1,97625,121728
newark,"Newark, NJ",150000,8800,1612,1822,2205,6978,20.7,97625,121728
