state,name,salary,filing,federal_tax,fica,state_tax,state_payroll_taxes,total_tax,net_pay,effective_rate_pct,rank
AL,Alabama,40000,single,2620,3060,1629,0,7309,32691,18.27,46
AK,Alaska,40000,single,2620,3060,0,0,5680,34320,14.2,1
AZ,Arizona,40000,single,2620,3060,597.5,0,6277.5,33722.5,15.69,12
AR,Arkansas,40000,single,2620,3060,1347.27,0,7027.27,32972.73,17.57,37
CA,California,40000,single,2620,3060,582.69,520,6782.69,33217.31,16.96,28
CO,Colorado,40000,single,2620,3060,1051.6,180,6911.6,33088.4,17.28,31
CT,Connecticut,40000,single,2620,3060,1325,200,7205,32795,18.01,43
DE,Delaware,40000,single,2620,3060,1543.12,0,7223.12,32776.88,18.06,45
DC,District of Columbia,40000,single,2620,3060,1234,0,6914,33086,17.29,32
FL,Florida,40000,single,2620,3060,0,0,5680,34320,14.2,2
GA,Georgia,40000,single,2620,3060,1247.5,0,6927.5,33072.5,17.32,33
HI,Hawaii,40000,single,2620,3060,1570.21,200,7450.21,32549.79,18.63,48
ID,Idaho,40000,single,2620,3060,1011.72,0,6691.72,33308.28,16.73,22
IL,Illinois,40000,single,2620,3060,1835.21,0,7515.21,32484.79,18.79,49
IN,Indiana,40000,single,2620,3060,1150.5,0,6830.5,33169.5,17.08,30
IA,Iowa,40000,single,2620,3060,868.2,0,6548.2,33451.8,16.37,17
KS,Kansas,40000,single,2620,3060,1432.31,0,7112.31,32887.69,17.78,39
KY,Kentucky,40000,single,2620,3060,1282.4,0,6962.4,33037.6,17.41,36
LA,Louisiana,40000,single,2620,3060,813.75,0,6493.75,33506.25,16.23,15
ME,Maine,40000,single,2620,3060,1078.8,0,6758.8,33241.2,16.9,25
MD,Maryland,40000,single,2620,3060,1536.38,0,7216.38,32783.62,18.04,44
MA,Massachusetts,40000,single,2620,3060,1680,184,7544,32456,18.86,50
MI,Michigan,40000,single,2620,3060,1449.25,0,7129.25,32870.75,17.82,40
MN,Minnesota,40000,single,2620,3060,1321.45,176,7177.45,32822.55,17.94,42
MS,Mississippi,40000,single,2620,3060,868,0,6548,33452,16.37,16
MO,Missouri,40000,single,2620,3060,911.88,0,6591.88,33408.12,16.48,19
MT,Montana,40000,single,2620,3060,1123.3,0,6803.3,33196.7,17.01,29
NE,Nebraska,40000,single,2620,3060,940.46,0,6620.46,33379.54,16.55,20
NV,Nevada,40000,single,2620,3060,0,0,5680,34320,14.2,3
NH,New Hampshire,40000,single,2620,3060,0,0,5680,34320,14.2,4
NJ,New Jersey,40000,single,2620,3060,682.5,338,6700.5,33299.5,16.75,23
NM,New Mexico,40000,single,2620,3060,752.7,0,6432.7,33567.3,16.08,13
NY,New York,40000,single,2620,3060,1563,204.0,7447,32553,18.62,47
NC,North Carolina,40000,single,2620,3060,1087.27,0,6767.27,33232.72,16.92,27
ND,North Dakota,40000,single,2620,3060,0,0,5680,34320,14.2,5
OH,Ohio,40000,single,2620,3060,317.62,0,5997.62,34002.38,14.99,10
OK,Oklahoma,40000,single,2620,3060,1254.5,0,6934.5,33065.5,17.34,34
OR,Oregon,40000,single,2620,3060,2441.12,280,8401.12,31598.88,21.0,51
PA,Pennsylvania,40000,single,2620,3060,1228,28,6936,33064,17.34,35
RI,Rhode Island,40000,single,2620,3060,883.12,520,7083.12,32916.88,17.71,38
SC,South Carolina,40000,single,2620,3060,777.9,0,6457.9,33542.1,16.14,14
SD,South Dakota,40000,single,2620,3060,0,0,5680,34320,14.2,6
TN,Tennessee,40000,single,2620,3060,0,0,5680,34320,14.2,7
TX,Texas,40000,single,2620,3060,0,0,5680,34320,14.2,8
UT,Utah,40000,single,2620,3060,969.36,0,6649.36,33350.64,16.62,21
VT,Vermont,40000,single,2620,3060,906.18,0,6586.18,33413.82,16.47,18
VA,Virginia,40000,single,2620,3060,1485.9,0,7165.9,32834.1,17.91,41
WA,Washington,40000,single,2620,3060,0,554.88,6234.88,33765.12,15.59,11
WV,West Virginia,40000,single,2620,3060,1043.3,0,6723.3,33276.7,16.81,24
WI,Wisconsin,40000,single,2620,3060,1083.78,0,6763.78,33236.22,16.91,26
WY,Wyoming,40000,single,2620,3060,0,0,5680,34320,14.2,9
AL,Alabama,40000,married,780,3060,1481,0,5321,34679,13.3,48
AK,Alaska,40000,married,780,3060,0,0,3840,36160,9.6,1
AZ,Arizona,40000,married,780,3060,195,0,4035,35965,10.09,16
AR,Arkansas,40000,married,780,3060,1221.94,0,5061.94,34938.06,12.65,44
CA,California,40000,married,780,3060,44.18,520,4404.18,35595.82,11.01,30
CO,Colorado,40000,married,780,3060,343.2,180,4363.2,35636.8,10.91,26
CT,Connecticut,40000,married,780,3060,320,200,4360,35640,10.9,25
DE,Delaware,40000,married,780,3060,1252.75,0,5092.75,34907.25,12.73,45
DC,District of Columbia,40000,married,780,3060,312,0,4152,35848,10.38,18
FL,Florida,40000,married,780,3060,0,0,3840,36160,9.6,2
GA,Georgia,40000,married,780,3060,499,0,4339,35661,10.85,24
HI,Hawaii,40000,married,780,3060,582.16,200,4622.16,35377.84,11.56,35
ID,Idaho,40000,married,780,3060,0,0,3840,36160,9.6,3
IL,Illinois,40000,married,780,3060,1690.43,0,5530.43,34469.57,13.83,50
IN,Indiana,40000,married,780,3060,1121,0,4961,35039,12.4,40
IA,Iowa,40000,married,780,3060,216.4,0,4056.4,35943.6,10.14,17
KS,Kansas,40000,married,780,3060,698.88,0,4538.88,35461.12,11.35,33
KY,Kentucky,40000,married,780,3060,1164.8,0,5004.8,34995.2,12.51,41
LA,Louisiana,40000,married,780,3060,427.5,0,4267.5,35732.5,10.67,22
ME,Maine,40000,married,780,3060,0,0,3840,36160,9.6,4
MD,Maryland,40000,married,780,3060,1258.5,0,5098.5,34901.5,12.75,47
MA,Massachusetts,40000,married,780,3060,1460,184,5484,34516,13.71,49
MI,Michigan,40000,married,780,3060,1198.5,0,5038.5,34961.5,12.6,43
MN,Minnesota,40000,married,780,3060,502.9,176,4518.9,35481.1,11.3,32
MS,Mississippi,40000,married,780,3060,536,0,4376,35624,10.94,28
MO,Missouri,40000,married,780,3060,182.88,0,4022.88,35977.12,10.06,15
MT,Montana,40000,married,780,3060,366.6,0,4206.6,35793.4,10.52,21
NE,Nebraska,40000,married,780,3060,344,0,4184,35816,10.46,20
NV,Nevada,40000,married,780,3060,0,0,3840,36160,9.6,5
NH,New Hampshire,40000,married,780,3060,0,0,3840,36160,9.6,6
NJ,New Jersey,40000,married,780,3060,595,338,4773,35227,11.93,38
NM,New Mexico,40000,married,780,3060,117,0,3957,36043,9.89,13
NY,New York,40000,married,780,3060,970.68,204.0,5014.68,34985.32,12.54,42
NC,North Carolina,40000,married,780,3060,578.55,0,4418.55,35581.45,11.05,31
ND,North Dakota,40000,married,780,3060,0,0,3840,36160,9.6,7
OH,Ohio,40000,married,780,3060,317.62,0,4157.62,35842.38,10.39,19
OK,Oklahoma,40000,married,780,3060,731,0,4571,35429,11.43,34
OR,Oregon,40000,married,780,3060,1772.5,280,5892.5,34107.5,14.73,51
PA,Pennsylvania,40000,married,780,3060,1228,28,5096,34904,12.74,46
RI,Rhode Island,40000,married,780,3060,266.25,520,4626.25,35373.75,11.57,36
SC,South Carolina,40000,married,780,3060,124.8,0,3964.8,36035.2,9.91,14
SD,South Dakota,40000,married,780,3060,0,0,3840,36160,9.6,8
TN,Tennessee,40000,married,780,3060,0,0,3840,36160,9.6,9
TX,Texas,40000,married,780,3060,0,0,3840,36160,9.6,10
UT,Utah,40000,married,780,3060,0,0,3840,36160,9.6,11
VT,Vermont,40000,married,780,3060,472.35,0,4312.35,35687.65,10.78,23
VA,Virginia,40000,married,780,3060,929.3,0,4769.3,35230.7,11.92,37
WA,Washington,40000,married,780,3060,0,554.88,4394.88,35605.12,10.99,29
WV,West Virginia,40000,married,780,3060,980.1,0,4820.1,35179.9,12.05,39
WI,Wisconsin,40000,married,780,3060,523.78,0,4363.78,35636.22,10.91,27
WY,Wyoming,40000,married,780,3060,0,0,3840,36160,9.6,12
AL,Alabama,50000,single,3820,3825,2069,0,9714,40286,19.43,43
AK,Alaska,50000,single,3820,3825,0,0,7645,42355,15.29,1
AZ,Arizona,50000,single,3820,3825,847.5,0,8492.5,41507.5,16.98,12
AR,Arkansas,50000,single,3820,3825,1737.27,0,9382.27,40617.73,18.76,35
CA,California,50000,single,3820,3825,1039.53,650,9334.53,40665.47,18.67,32
CO,Colorado,50000,single,3820,3825,1491.6,225.0,9361.6,40638.4,18.72,34
CT,Connecticut,50000,single,3820,3825,2000,250,9895,40105,19.79,46
DE,Delaware,50000,single,3820,3825,2098.12,0,9743.12,40256.88,19.49,45
DC,District of Columbia,50000,single,3820,3825,1834,0,9479,40521,18.96,37
FL,Florida,50000,single,3820,3825,0,0,7645,42355,15.29,2
GA,Georgia,50000,single,3820,3825,1746.5,0,9391.5,40608.5,18.78,36
HI,Hawaii,50000,single,3820,3825,2284.03,250,10179.03,39820.97,20.36,50
ID,Idaho,50000,single,3820,3825,1541.72,0,9186.72,40813.28,18.37,24
IL,Illinois,50000,single,3820,3825,2330.21,0,9975.21,40024.79,19.95,47
IN,Indiana,50000,single,3820,3825,1445.5,0,9090.5,40909.5,18.18,22
IA,Iowa,50000,single,3820,3825,1248.2,0,8893.2,41106.8,17.79,16
KS,Kansas,50000,single,3820,3825,1990.31,0,9635.31,40364.69,19.27,40
KY,Kentucky,50000,single,3820,3825,1632.4,0,9277.4,40722.6,18.55,30
LA,Louisiana,50000,single,3820,3825,1113.75,0,8758.75,41241.25,17.52,13
ME,Maine,50000,single,3820,3825,1670.21,0,9315.21,40684.79,18.63,31
MD,Maryland,50000,single,3820,3825,2011.38,0,9656.38,40343.62,19.31,41
MA,Massachusetts,50000,single,3820,3825,2180,230,10055,39945,20.11,49
MI,Michigan,50000,single,3820,3825,1874.25,0,9519.25,40480.75,19.04,38
MN,Minnesota,50000,single,3820,3825,1876.61,220,9741.6,40258.4,19.48,44
MS,Mississippi,50000,single,3820,3825,1268,0,8913,41087,17.83,17
MO,Missouri,50000,single,3820,3825,1367.78,0,9012.78,40987.22,18.03,18
MT,Montana,50000,single,3820,3825,1593.3,0,9238.3,40761.7,18.48,28
NE,Nebraska,50000,single,3820,3825,1395.46,0,9040.46,40959.54,18.08,20
NV,Nevada,50000,single,3820,3825,0,0,7645,42355,15.29,3
NH,New Hampshire,50000,single,3820,3825,0,0,7645,42355,15.29,4
NJ,New Jersey,50000,single,3820,3825,1214.75,400.4,9260.15,40739.85,18.52,29
NM,New Mexico,50000,single,3820,3825,1184.3,0,8829.3,41170.7,17.66,14
NY,New York,50000,single,3820,3825,2103,247.2,9995.2,40004.8,19.99,48
NC,North Carolina,50000,single,3820,3825,1486.27,0,9131.27,40868.72,18.26,23
ND,North Dakota,50000,single,3820,3825,0,0,7645,42355,15.29,5
OH,Ohio,50000,single,3820,3825,599.5,0,8244.5,41755.5,16.49,10
OK,Oklahoma,50000,single,3820,3825,1704.5,0,9349.5,40650.5,18.7,33
OR,Oregon,50000,single,3820,3825,3211.12,350,11206.12,38793.88,22.41,51
PA,Pennsylvania,50000,single,3820,3825,1535,35,9215,40785,18.43,26
RI,Rhode Island,50000,single,3820,3825,1258.12,650,9553.12,40446.88,19.11,39
SC,South Carolina,50000,single,3820,3825,1377.9,0,9022.9,40977.1,18.05,19
SD,South Dakota,50000,single,3820,3825,0,0,7645,42355,15.29,6
TN,Tennessee,50000,single,3820,3825,0,0,7645,42355,15.29,7
TX,Texas,50000,single,3820,3825,0,0,7645,42355,15.29,8
UT,Utah,50000,single,3820,3825,1544.36,0,9189.36,40810.64,18.38,25
VT,Vermont,50000,single,3820,3825,1241.18,0,8886.17,41113.82,17.77,15
VA,Virginia,50000,single,3820,3825,2060.9,0,9705.9,40294.1,19.41,42
WA,Washington,50000,single,3820,3825,0,693.6,8338.6,41661.4,16.68,11
WV,West Virginia,50000,single,3820,3825,1444.1,0,9089.1,40910.9,18.18,21
WI,Wisconsin,50000,single,3820,3825,1576.58,0,9221.58,40778.42,18.44,27
WY,Wyoming,50000,single,3820,3825,0,0,7645,42355,15.29,9
AL,Alabama,50000,married,1780,3825,1931,0,7536,42464,15.07,48
AK,Alaska,50000,married,1780,3825,0,0,5605,44395,11.21,1
AZ,Arizona,50000,married,1780,3825,445,0,6050,43950,12.1,15
AR,Arkansas,50000,married,1780,3825,1611.94,0,7216.94,42783.06,14.43,43
CA,California,50000,married,1780,3825,244.18,650,6499.18,43500.82,13.0,25
CO,Colorado,50000,married,1780,3825,783.2,225.0,6613.2,43386.8,13.23,30
CT,Connecticut,50000,married,1780,3825,760,250,6615,43385,13.23,31
DE,Delaware,50000,married,1780,3825,1807.75,0,7412.75,42587.25,14.83,47
DC,District of Columbia,50000,married,1780,3825,868,0,6473,43527,12.95,24
FL,Florida,50000,married,1780,3825,0,0,5605,44395,11.21,2
GA,Georgia,50000,married,1780,3825,998,0,6603,43397,13.21,28
HI,Hawaii,50000,married,1780,3825,1136.77,250,6991.77,43008.23,13.98,38
ID,Idaho,50000,married,1780,3825,433.43,0,6038.43,43961.57,12.08,13
IL,Illinois,50000,married,1780,3825,2185.43,0,7790.43,42209.57,15.58,49
IN,Indiana,50000,married,1780,3825,1416,0,7021,42979,14.04,39
IA,Iowa,50000,married,1780,3825,596.4,0,6201.4,43798.6,12.4,16
KS,Kansas,50000,married,1780,3825,1218.88,0,6823.88,43176.12,13.65,34
KY,Kentucky,50000,married,1780,3825,1514.8,0,7119.8,42880.2,14.24,41
LA,Louisiana,50000,married,1780,3825,727.5,0,6332.5,43667.5,12.67,21
ME,Maine,50000,married,1780,3825,417.6,0,6022.6,43977.4,12.05,11
MD,Maryland,50000,married,1780,3825,1700.25,0,7305.25,42694.75,14.61,45
MA,Massachusetts,50000,married,1780,3825,1960,230,7795,42205,15.59,50
MI,Michigan,50000,married,1780,3825,1623.5,0,7228.5,42771.5,14.46,44
MN,Minnesota,50000,married,1780,3825,1037.9,220,6862.9,43137.1,13.73,35
MS,Mississippi,50000,married,1780,3825,936,0,6541,43459,13.08,26
MO,Missouri,50000,married,1780,3825,635.05,0,6240.05,43759.95,12.48,18
MT,Montana,50000,married,1780,3825,836.6,0,6441.6,43558.4,12.88,23
NE,Nebraska,50000,married,1780,3825,695,0,6300,43700,12.6,20
NV,Nevada,50000,married,1780,3825,0,0,5605,44395,11.21,3
NH,New Hampshire,50000,married,1780,3825,0,0,5605,44395,11.21,4
NJ,New Jersey,50000,married,1780,3825,770,400.4,6775.4,43224.6,13.55,32
NM,New Mexico,50000,married,1780,3825,433.6,0,6038.6,43961.4,12.08,14
NY,New York,50000,married,1780,3825,1500.8,247.2,7353,42647,14.71,46
NC,North Carolina,50000,married,1780,3825,977.55,0,6582.55,43417.45,13.17,27
ND,North Dakota,50000,married,1780,3825,0,0,5605,44395,11.21,5
OH,Ohio,50000,married,1780,3825,599.5,0,6204.5,43795.5,12.41,17
OK,Oklahoma,50000,married,1780,3825,1181,0,6786,43214,13.57,33
OR,Oregon,50000,married,1780,3825,2560,350,8515,41485,17.03,51
PA,Pennsylvania,50000,married,1780,3825,1535,35,7175,42825,14.35,42
RI,Rhode Island,50000,married,1780,3825,641.25,650,6896.25,43103.75,13.79,36
SC,South Carolina,50000,married,1780,3825,424.8,0,6029.8,43970.2,12.06,12
SD,South Dakota,50000,married,1780,3825,0,0,5605,44395,11.21,6
TN,Tennessee,50000,married,1780,3825,0,0,5605,44395,11.21,7
TX,Texas,50000,married,1780,3825,0,0,5605,44395,11.21,8
UT,Utah,50000,married,1780,3825,213.72,0,5818.72,44181.28,11.64,10
VT,Vermont,50000,married,1780,3825,807.35,0,6412.35,43587.65,12.82,22
VA,Virginia,50000,married,1780,3825,1504.3,0,7109.3,42890.7,14.22,40
WA,Washington,50000,married,1780,3825,0,693.6,6298.6,43701.4,12.6,19
WV,West Virginia,50000,married,1780,3825,1359.7,0,6964.7,43035.3,13.93,37
WI,Wisconsin,50000,married,1780,3825,1004.14,0,6609.14,43390.86,13.22,29
WY,Wyoming,50000,married,1780,3825,0,0,5605,44395,11.21,9
AL,Alabama,60000,single,5020,4590,2509,0,12119,47881,20.2,41
AK,Alaska,60000,single,5020,4590,0,0,9610,50390,16.02,1
AZ,Arizona,60000,single,5020,4590,1097.5,0,10707.5,49292.5,17.85,12
AR,Arkansas,60000,single,5020,4590,2127.27,0,11737.27,48262.73,19.56,30
CA,California,60000,single,5020,4590,1639.53,780,12029.53,47970.47,20.05,38
CO,Colorado,60000,single,5020,4590,1931.6,270,11811.6,48188.4,19.69,32
CT,Connecticut,60000,single,5020,4590,2550,300,12460,47540,20.77,47
DE,Delaware,60000,single,5020,4590,2653.12,0,12263.12,47736.88,20.44,44
DC,District of Columbia,60000,single,5020,4590,2453.5,0,12063.5,47936.5,20.11,39
FL,Florida,60000,single,5020,4590,0,0,9610,50390,16.02,2
GA,Georgia,60000,single,5020,4590,2245.5,0,11855.5,48144.5,19.76,34
HI,Hawaii,60000,single,5020,4590,3029.86,300,12939.86,47060.14,21.57,50
ID,Idaho,60000,single,5020,4590,2071.72,0,11681.72,48318.28,19.47,28
IL,Illinois,60000,single,5020,4590,2825.21,0,12435.21,47564.79,20.73,46
IN,Indiana,60000,single,5020,4590,1740.5,0,11350.5,48649.5,18.92,18
IA,Iowa,60000,single,5020,4590,1628.2,0,11238.2,48761.8,18.73,15
KS,Kansas,60000,single,5020,4590,2548.31,0,12158.31,47841.69,20.26,42
KY,Kentucky,60000,single,5020,4590,1982.4,0,11592.4,48407.6,19.32,25
LA,Louisiana,60000,single,5020,4590,1413.75,0,11023.75,48976.25,18.37,13
ME,Maine,60000,single,5020,4590,2345.21,0,11955.21,48044.79,19.93,36
MD,Maryland,60000,single,5020,4590,2486.38,0,12096.38,47903.62,20.16,40
MA,Massachusetts,60000,single,5020,4590,2680,276,12566,47434,20.94,49
MI,Michigan,60000,single,5020,4590,2299.25,0,11909.25,48090.75,19.85,35
MN,Minnesota,60000,single,5020,4590,2556.61,264,12430.6,47569.4,20.72,45
MS,Mississippi,60000,single,5020,4590,1668,0,11278,48722,18.8,17
MO,Missouri,60000,single,5020,4590,1847.28,0,11457.28,48542.72,19.1,19
MT,Montana,60000,single,5020,4590,2063.3,0,11673.3,48326.7,19.46,26
NE,Nebraska,60000,single,5020,4590,1850.46,0,11460.46,48539.54,19.1,20
NV,Nevada,60000,single,5020,4590,0,0,9610,50390,16.02,3
NH,New Hampshire,60000,single,5020,4590,0,0,9610,50390,16.02,4
NJ,New Jersey,60000,single,5020,4590,1767.25,442.4,11819.65,48180.35,19.7,33
NM,New Mexico,60000,single,5020,4590,1654.3,0,11264.3,48735.7,18.77,16
NY,New York,60000,single,5020,4590,2643,290.4,12543.4,47456.6,20.91,48
NC,North Carolina,60000,single,5020,4590,1885.27,0,11495.27,48504.72,19.16,23
ND,North Dakota,60000,single,5020,4590,0,0,9610,50390,16.02,5
OH,Ohio,60000,single,5020,4590,874.5,0,10484.5,49515.5,17.47,11
OK,Oklahoma,60000,single,5020,4590,2154.5,0,11764.5,48235.5,19.61,31
OR,Oregon,60000,single,5020,4590,3981.12,420,14011.12,45988.88,23.35,51
PA,Pennsylvania,60000,single,5020,4590,1842,42,11494,48506,19.16,22
RI,Rhode Island,60000,single,5020,4590,1633.12,780,12023.12,47976.88,20.04,37
SC,South Carolina,60000,single,5020,4590,1977.9,0,11587.9,48412.1,19.31,24
SD,South Dakota,60000,single,5020,4590,0,0,9610,50390,16.02,6
TN,Tennessee,60000,single,5020,4590,0,0,9610,50390,16.02,7
TX,Texas,60000,single,5020,4590,0,0,9610,50390,16.02,8
UT,Utah,60000,single,5020,4590,2119.36,0,11729.36,48270.64,19.55,29
VT,Vermont,60000,single,5020,4590,1576.18,0,11186.17,48813.82,18.64,14
VA,Virginia,60000,single,5020,4590,2635.9,0,12245.9,47754.1,20.41,43
WA,Washington,60000,single,5020,4590,0,832.32,10442.32,49557.68,17.4,10
WV,West Virginia,60000,single,5020,4590,1866.1,0,11476.1,48523.9,19.13,21
WI,Wisconsin,60000,single,5020,4590,2069.38,0,11679.38,48320.62,19.47,27
WY,Wyoming,60000,single,5020,4590,0,0,9610,50390,16.02,9
AL,Alabama,60000,married,2840,4590,2378,0,9808,50192,16.35,48
AK,Alaska,60000,married,2840,4590,0,0,7430,52570,12.38,1
AZ,Arizona,60000,married,2840,4590,695,0,8125,51875,13.54,10
AR,Arkansas,60000,married,2840,4590,2001.94,0,9431.94,50568.06,15.72,41
CA,California,60000,married,2840,4590,444.18,780,8654.18,51345.82,14.42,23
CO,Colorado,60000,married,2840,4590,1223.2,270,8923.2,51076.8,14.87,29
CT,Connecticut,60000,married,2840,4590,1660,300,9390,50610,15.65,40
DE,Delaware,60000,married,2840,4590,2362.75,0,9792.75,50207.25,16.32,47
DC,District of Columbia,60000,married,2840,4590,1468,0,8898,51102,14.83,28
FL,Florida,60000,married,2840,4590,0,0,7430,52570,12.38,2
GA,Georgia,60000,married,2840,4590,1497,0,8927,51073,14.88,30
HI,Hawaii,60000,married,2840,4590,1780.42,300,9510.42,50489.58,15.85,44
ID,Idaho,60000,married,2840,4590,963.43,0,8393.43,51606.57,13.99,15
IL,Illinois,60000,married,2840,4590,2680.43,0,10110.42,49889.57,16.85,49
IN,Indiana,60000,married,2840,4590,1711,0,9141,50859,15.24,33
IA,Iowa,60000,married,2840,4590,976.4,0,8406.4,51593.6,14.01,16
KS,Kansas,60000,married,2840,4590,1738.88,0,9168.88,50831.12,15.28,34
KY,Kentucky,60000,married,2840,4590,1864.8,0,9294.8,50705.2,15.49,38
LA,Louisiana,60000,married,2840,4590,1027.5,0,8457.5,51542.5,14.1,19
ME,Maine,60000,married,2840,4590,997.6,0,8427.6,51572.4,14.05,17
MD,Maryland,60000,married,2840,4590,2175.25,0,9605.25,50394.75,16.01,45
MA,Massachusetts,60000,married,2840,4590,2460,276,10166,49834,16.94,50
MI,Michigan,60000,married,2840,4590,2048.5,0,9478.5,50521.5,15.8,42
MN,Minnesota,60000,married,2840,4590,1572.9,264,9266.9,50733.1,15.44,37
MS,Mississippi,60000,married,2840,4590,1336,0,8766,51234,14.61,25
MO,Missouri,60000,married,2840,4590,1105.95,0,8535.95,51464.05,14.23,21
MT,Montana,60000,married,2840,4590,1306.6,0,8736.6,51263.4,14.56,24
NE,Nebraska,60000,married,2840,4590,1046,0,8476,51524,14.13,20
NV,Nevada,60000,married,2840,4590,0,0,7430,52570,12.38,3
NH,New Hampshire,60000,married,2840,4590,0,0,7430,52570,12.38,4
NJ,New Jersey,60000,married,2840,4590,1001,442.4,8873.4,51126.6,14.79,27
NM,New Mexico,60000,married,2840,4590,784.4,0,8214.4,51785.6,13.69,11
NY,New York,60000,married,2840,4590,2040.8,290.4,9761.2,50238.8,16.27,46
NC,North Carolina,60000,married,2840,4590,1376.55,0,8806.55,51193.45,14.68,26
ND,North Dakota,60000,married,2840,4590,0,0,7430,52570,12.38,5
OH,Ohio,60000,married,2840,4590,874.5,0,8304.5,51695.5,13.84,14
OK,Oklahoma,60000,married,2840,4590,1631,0,9061,50939,15.1,32
OR,Oregon,60000,married,2840,4590,3342.25,420,11192.25,48807.75,18.65,51
PA,Pennsylvania,60000,married,2840,4590,1842,42,9314,50686,15.52,39
RI,Rhode Island,60000,married,2840,4590,1016.25,780,9226.25,50773.75,15.38,36
SC,South Carolina,60000,married,2840,4590,1011.9,0,8441.9,51558.1,14.07,18
SD,South Dakota,60000,married,2840,4590,0,0,7430,52570,12.38,6
TN,Tennessee,60000,married,2840,4590,0,0,7430,52570,12.38,7
TX,Texas,60000,married,2840,4590,0,0,7430,52570,12.38,8
UT,Utah,60000,married,2840,4590,788.72,0,8218.72,51781.28,13.7,12
VT,Vermont,60000,married,2840,4590,1142.35,0,8572.35,51427.65,14.29,22
VA,Virginia,60000,married,2840,4590,2079.3,0,9509.3,50490.7,15.85,43
WA,Washington,60000,married,2840,4590,0,832.32,8262.32,51737.68,13.77,13
WV,West Virginia,60000,married,2840,4590,1781.7,0,9211.7,50788.3,15.35,35
WI,Wisconsin,60000,married,2840,4590,1531.17,0,8961.17,51038.83,14.94,31
WY,Wyoming,60000,married,2840,4590,0,0,7430,52570,12.38,9
AL,Alabama,75000,single,7670,5737.5,3126.5,0,16534,58466,22.05,36
AK,Alaska,75000,single,7670,5737.5,0,0,13407.5,61592.5,17.88,1
AZ,Arizona,75000,single,7670,5737.5,1472.5,0,14880,60120,19.84,12
AR,Arkansas,75000,single,7670,5737.5,2712.27,0,16119.77,58880.23,21.49,25
CA,California,75000,single,7670,5737.5,2774.57,975,17157.07,57842.93,22.88,45
CO,Colorado,75000,single,7670,5737.5,2591.6,337.5,16336.6,58663.4,21.78,30
CT,Connecticut,75000,single,7670,5737.5,3375,375,17157.5,57842.5,22.88,46
DE,Delaware,75000,single,7670,5737.5,3609,0,17016.5,57983.5,22.69,44
DC,District of Columbia,75000,single,7670,5737.5,3428.5,0,16836,58164,22.45,41
FL,Florida,75000,single,7670,5737.5,0,0,13407.5,61592.5,17.88,2
GA,Georgia,75000,single,7670,5737.5,2994,0,16401.5,58598.5,21.87,34
HI,Hawaii,75000,single,7670,5737.5,4169.86,375,17952.36,57047.64,23.94,50
ID,Idaho,75000,single,7670,5737.5,2866.72,0,16274.22,58725.78,21.7,27
IL,Illinois,75000,single,7670,5737.5,3567.71,0,16975.21,58024.79,22.63,43
IN,Indiana,75000,single,7670,5737.5,2183,0,15590.5,59409.5,20.79,14
IA,Iowa,75000,single,7670,5737.5,2198.2,0,15605.7,59394.3,20.81,15
KS,Kansas,75000,single,7670,5737.5,3385.31,0,16792.81,58207.19,22.39,40
KY,Kentucky,75000,single,7670,5737.5,2507.4,0,15914.9,59085.1,21.22,21
LA,Louisiana,75000,single,7670,5737.5,1863.75,0,15271.25,59728.75,20.36,13
ME,Maine,75000,single,7670,5737.5,3357.71,0,16765.21,58234.79,22.35,39
MD,Maryland,75000,single,7670,5737.5,3198.88,0,16606.38,58393.62,22.14,38
MA,Massachusetts,75000,single,7670,5737.5,3430,345,17182.5,57817.5,22.91,47
MI,Michigan,75000,single,7670,5737.5,2936.75,0,16344.25,58655.75,21.79,31
MN,Minnesota,75000,single,7670,5737.5,3576.61,330,17314.1,57685.9,23.09,49
MS,Mississippi,75000,single,7670,5737.5,2268,0,15675.5,59324.5,20.9,16
MO,Missouri,75000,single,7670,5737.5,2533.59,0,15941.09,59058.91,21.25,23
MT,Montana,75000,single,7670,5737.5,2876.6,0,16284.1,58715.9,21.71,28
NE,Nebraska,75000,single,7670,5737.5,2532.96,0,15940.46,59059.54,21.25,22
NV,Nevada,75000,single,7670,5737.5,0,0,13407.5,61592.5,17.88,3
NH,New Hampshire,75000,single,7670,5737.5,0,0,13407.5,61592.5,17.88,4
NJ,New Jersey,75000,single,7670,5737.5,2596,505.4,16508.9,58491.1,22.01,35
NM,New Mexico,75000,single,7670,5737.5,2359.3,0,15766.8,59233.2,21.02,18
NY,New York,75000,single,7670,5737.5,3453,355.2,17215.7,57784.3,22.95,48
NC,North Carolina,75000,single,7670,5737.5,2483.78,0,15891.27,59108.72,21.19,19
ND,North Dakota,75000,single,7670,5737.5,203.29,0,13610.79,61389.21,18.15,9
OH,Ohio,75000,single,7670,5737.5,1287,0,14694.5,60305.5,19.59,11
OK,Oklahoma,75000,single,7670,5737.5,2829.5,0,16237,58763,21.65,26
OR,Oregon,75000,single,7670,5737.5,5061.75,525,18994.25,56005.75,25.33,51
PA,Pennsylvania,75000,single,7670,5737.5,2302.5,52.5,15762.5,59237.5,21.02,17
RI,Rhode Island,75000,single,7670,5737.5,2195.62,975,16578.12,58421.88,22.1,37
SC,South Carolina,75000,single,7670,5737.5,2877.9,0,16285.4,58714.6,21.71,29
SD,South Dakota,75000,single,7670,5737.5,0,0,13407.5,61592.5,17.88,5
TN,Tennessee,75000,single,7670,5737.5,0,0,13407.5,61592.5,17.88,6
TX,Texas,75000,single,7670,5737.5,0,0,13407.5,61592.5,17.88,7
UT,Utah,75000,single,7670,5737.5,2981.86,0,16389.36,58610.64,21.85,33
VT,Vermont,75000,single,7670,5737.5,2489.8,0,15897.3,59102.7,21.2,20
VA,Virginia,75000,single,7670,5737.5,3498.4,0,16905.9,58094.1,22.54,42
WA,Washington,75000,single,7670,5737.5,0,1040.4,14447.9,60552.1,19.26,10
WV,West Virginia,75000,single,7670,5737.5,2545.9,0,15953.4,59046.6,21.27,24
WI,Wisconsin,75000,single,7670,5737.5,2943.33,0,16350.83,58649.17,21.8,32
WY,Wyoming,75000,single,7670,5737.5,0,0,13407.5,61592.5,17.88,8
AL,Alabama,75000,married,4640,5737.5,3038,0,13415.5,61584.5,17.89,44
AK,Alaska,75000,married,4640,5737.5,0,0,10377.5,64622.5,13.84,1
AZ,Arizona,75000,married,4640,5737.5,1070,0,11447.5,63552.5,15.26,11
AR,Arkansas,75000,married,4640,5737.5,2586.94,0,12964.44,62035.56,17.29,39
CA,California,75000,married,4640,5737.5,965.38,975,12317.88,62682.12,16.42,25
CO,Colorado,75000,married,4640,5737.5,1883.2,337.5,12598.2,62401.8,16.8,29
CT,Connecticut,75000,married,4640,5737.5,2875,375,13627.5,61372.5,18.17,47
DE,Delaware,75000,married,4640,5737.5,3284.5,0,13662,61338,18.22,48
DC,District of Columbia,75000,married,4640,5737.5,2382,0,12759.5,62240.5,17.01,34
FL,Florida,75000,married,4640,5737.5,0,0,10377.5,64622.5,13.84,2
GA,Georgia,75000,married,4640,5737.5,2245.5,0,12623,62377,16.83,30
HI,Hawaii,75000,married,4640,5737.5,2800.42,375,13552.92,61447.08,18.07,45
ID,Idaho,75000,married,4640,5737.5,1758.43,0,12135.93,62864.07,16.18,19
IL,Illinois,75000,married,4640,5737.5,3422.93,0,13800.42,61199.57,18.4,49
IN,Indiana,75000,married,4640,5737.5,2153.5,0,12531,62469,16.71,28
IA,Iowa,75000,married,4640,5737.5,1546.4,0,11923.9,63076.1,15.9,15
KS,Kansas,75000,married,4640,5737.5,2528.15,0,12905.65,62094.35,17.21,37
KY,Kentucky,75000,married,4640,5737.5,2389.8,0,12767.3,62232.7,17.02,35
LA,Louisiana,75000,married,4640,5737.5,1477.5,0,11855,63145,15.81,14
ME,Maine,75000,married,4640,5737.5,1867.6,0,12245.1,62754.9,16.33,21
MD,Maryland,75000,married,4640,5737.5,2887.75,0,13265.25,61734.75,17.69,42
MA,Massachusetts,75000,married,4640,5737.5,3210,345,13932.5,61067.5,18.58,50
MI,Michigan,75000,married,4640,5737.5,2686,0,13063.5,61936.5,17.42,40
MN,Minnesota,75000,married,4640,5737.5,2375.4,330,13082.9,61917.1,17.44,41
MS,Mississippi,75000,married,4640,5737.5,1936,0,12313.5,62686.5,16.42,24
MO,Missouri,75000,married,4640,5737.5,1798.26,0,12175.76,62824.24,16.23,20
MT,Montana,75000,married,4640,5737.5,2011.6,0,12389.1,62610.9,16.52,27
NE,Nebraska,75000,married,4640,5737.5,1653.41,0,12030.91,62969.09,16.04,18
NV,Nevada,75000,married,4640,5737.5,0,0,10377.5,64622.5,13.84,3
NH,New Hampshire,75000,married,4640,5737.5,0,0,10377.5,64622.5,13.84,4
NJ,New Jersey,75000,married,4640,5737.5,1400,505.4,12282.9,62717.1,16.38,22
NM,New Mexico,75000,married,4640,5737.5,1429.4,0,11806.9,63193.1,15.74,13
NY,New York,75000,married,4640,5737.5,2850.8,355.2,13583.5,61416.5,18.11,46
NC,North Carolina,75000,married,4640,5737.5,1975.05,0,12352.55,62647.45,16.47,26
ND,North Dakota,75000,married,4640,5737.5,0,0,10377.5,64622.5,13.84,5
OH,Ohio,75000,married,4640,5737.5,1287,0,11664.5,63335.5,15.55,12
OK,Oklahoma,75000,married,4640,5737.5,2306,0,12683.5,62316.5,16.91,31
OR,Oregon,75000,married,4640,5737.5,4497.25,525,15399.75,59600.25,20.53,51
PA,Pennsylvania,75000,married,4640,5737.5,2302.5,52.5,12732.5,62267.5,16.98,33
RI,Rhode Island,75000,married,4640,5737.5,1578.75,975,12931.25,62068.75,17.24,38
SC,South Carolina,75000,married,4640,5737.5,1911.9,0,12289.4,62710.6,16.39,23
SD,South Dakota,75000,married,4640,5737.5,0,0,10377.5,64622.5,13.84,6
TN,Tennessee,75000,married,4640,5737.5,0,0,10377.5,64622.5,13.84,7
TX,Texas,75000,married,4640,5737.5,0,0,10377.5,64622.5,13.84,8
UT,Utah,75000,married,4640,5737.5,1651.22,0,12028.72,62971.28,16.04,17
VT,Vermont,75000,married,4640,5737.5,1644.85,0,12022.35,62977.65,16.03,16
VA,Virginia,75000,married,4640,5737.5,2941.8,0,13319.3,61680.7,17.76,43
WA,Washington,75000,married,4640,5737.5,0,1040.4,11417.9,63582.1,15.22,10
WV,West Virginia,75000,married,4640,5737.5,2454.3,0,12831.8,62168.2,17.11,36
WI,Wisconsin,75000,married,4640,5737.5,2321.7,0,12699.2,62300.8,16.93,32
WY,Wyoming,75000,married,4640,5737.5,0,0,10377.5,64622.5,13.84,9
AL,Alabama,100000,single,13170,7650,4101.5,0,24921.5,75078.5,24.92,27
AK,Alaska,100000,single,13170,7650,0,0,20820,79180,20.82,1
AZ,Arizona,100000,single,13170,7650,2097.5,0,22917.5,77082.5,22.92,12
AR,Arkansas,100000,single,13170,7650,3687.27,0,24507.27,75492.73,24.51,23
CA,California,100000,single,13170,7650,5054.98,1300,27174.98,72825.02,27.17,49
CO,Colorado,100000,single,13170,7650,3691.6,450.0,24961.6,75038.4,24.96,29
CT,Connecticut,100000,single,13170,7650,4750,500,26070,73930,26.07,44
DE,Delaware,100000,single,13170,7650,5259,0,26079,73921,26.08,45
DC,District of Columbia,100000,single,13170,7650,5531.5,0,26351.5,73648.5,26.35,47
FL,Florida,100000,single,13170,7650,0,0,20820,79180,20.82,2
GA,Georgia,100000,single,13170,7650,4241.5,0,25061.5,74938.5,25.06,31
HI,Hawaii,100000,single,13170,7650,6069.86,391,27280.86,72719.14,27.28,50
ID,Idaho,100000,single,13170,7650,4191.72,0,25011.72,74988.28,25.01,30
IL,Illinois,100000,single,13170,7650,4805.21,0,25625.21,74374.79,25.63,40
IN,Indiana,100000,single,13170,7650,2920.5,0,23740.5,76259.5,23.74,14
IA,Iowa,100000,single,13170,7650,3148.2,0,23968.2,76031.8,23.97,16
KS,Kansas,100000,single,13170,7650,4780.31,0,25600.31,74399.69,25.6,38
KY,Kentucky,100000,single,13170,7650,3382.4,0,24202.4,75797.6,24.2,18
LA,Louisiana,100000,single,13170,7650,2613.75,0,23433.75,76566.25,23.43,13
ME,Maine,100000,single,13170,7650,5100.21,0,25920.21,74079.79,25.92,42
MD,Maryland,100000,single,13170,7650,4386.38,0,25206.38,74793.62,25.21,35
MA,Massachusetts,100000,single,13170,7650,4680,460,25960,74040,25.96,43
MI,Michigan,100000,single,13170,7650,3999.25,0,24819.25,75180.75,24.82,26
MN,Minnesota,100000,single,13170,7650,5276.61,440,26536.6,73463.4,26.54,48
MS,Mississippi,100000,single,13170,7650,3268,0,24088,75912,24.09,17
MO,Missouri,100000,single,13170,7650,3669.82,0,24489.82,75510.18,24.49,21
MT,Montana,100000,single,13170,7650,4289.1,0,25109.1,74890.9,25.11,32
NE,Nebraska,100000,single,13170,7650,3670.46,0,24490.46,75509.54,24.49,22
NV,Nevada,100000,single,13170,7650,0,0,20820,79180,20.82,3
NH,New Hampshire,100000,single,13170,7650,0,0,20820,79180,20.82,4
NJ,New Jersey,100000,single,13170,7650,4180.05,610.4,25610.45,74389.55,25.61,39
NM,New Mexico,100000,single,13170,7650,3569.1,0,24389.1,75610.9,24.39,20
NY,New York,100000,single,13170,7650,4859.75,451.2,26130.95,73869.05,26.13,46
NC,North Carolina,100000,single,13170,7650,3481.27,0,24301.28,75698.73,24.3,19
ND,North Dakota,100000,single,13170,7650,690.79,0,21510.79,78489.21,21.51,9
OH,Ohio,100000,single,13170,7650,1981.38,0,22801.38,77198.62,22.8,11
OK,Oklahoma,100000,single,13170,7650,3954.5,0,24774.5,75225.5,24.77,25
OR,Oregon,100000,single,13170,7650,7198.5,700,28718.5,71281.5,28.72,51
PA,Pennsylvania,100000,single,13170,7650,3070,70,23960,76040,23.96,15
RI,Rhode Island,100000,single,13170,7650,3148.12,1159.6,25127.72,74872.27,25.13,33
SC,South Carolina,100000,single,13170,7650,4377.9,0,25197.9,74802.1,25.2,34
SD,South Dakota,100000,single,13170,7650,0,0,20820,79180,20.82,5
TN,Tennessee,100000,single,13170,7650,0,0,20820,79180,20.82,6
TX,Texas,100000,single,13170,7650,0,0,20820,79180,20.82,7
UT,Utah,100000,single,13170,7650,4419.36,0,25239.36,74760.64,25.24,36
VT,Vermont,100000,single,13170,7650,4139.8,0,24959.8,75040.2,24.96,28
VA,Virginia,100000,single,13170,7650,4935.9,0,25755.9,74244.1,25.76,41
WA,Washington,100000,single,13170,7650,0,1387.2,22207.2,77792.8,22.21,10
WV,West Virginia,100000,single,13170,7650,3690.9,0,24510.9,75489.1,24.51,24
WI,Wisconsin,100000,single,13170,7650,4427.33,0,25247.33,74752.67,25.25,37
WY,Wyoming,100000,single,13170,7650,0,0,20820,79180,20.82,8
AL,Alabama,100000,married,7640,7650,4138,0,19428,80572,19.43,41
AK,Alaska,100000,married,7640,7650,0,0,15290,84710,15.29,1
AZ,Arizona,100000,married,7640,7650,1695,0,16985,83015,16.98,11
AR,Arkansas,100000,married,7640,7650,3561.94,0,18851.94,81148.06,18.85,34
CA,California,100000,married,7640,7650,2079.06,1300,18669.06,81330.94,18.67,29
CO,Colorado,100000,married,7640,7650,2983.2,450.0,18723.2,81276.8,18.72,32
CT,Connecticut,100000,married,7640,7650,4000,500,19790,80210,19.79,45
DE,Delaware,100000,married,7640,7650,4934.5,0,20224.5,79775.5,20.22,49
DC,District of Columbia,100000,married,7640,7650,4163,0,19453,80547,19.45,42
FL,Florida,100000,married,7640,7650,0,0,15290,84710,15.29,2
GA,Georgia,100000,married,7640,7650,3493,0,18783,81217,18.78,33
HI,Hawaii,100000,married,7640,7650,4568.06,391,20249.06,79750.94,20.25,50
ID,Idaho,100000,married,7640,7650,3083.43,0,18373.43,81626.57,18.37,22
IL,Illinois,100000,married,7640,7650,4660.43,0,19950.42,80049.57,19.95,47
IN,Indiana,100000,married,7640,7650,2891,0,18181,81819,18.18,18
IA,Iowa,100000,married,7640,7650,2496.4,0,17786.4,82213.6,17.79,15
KS,Kansas,100000,married,7640,7650,3923.15,0,19213.15,80786.85,19.21,39
KY,Kentucky,100000,married,7640,7650,3264.8,0,18554.8,81445.2,18.55,27
LA,Louisiana,100000,married,7640,7650,2227.5,0,17517.5,82482.5,17.52,13
ME,Maine,100000,married,7640,7650,3340.42,0,18630.42,81369.58,18.63,28
MD,Maryland,100000,married,7640,7650,4075.25,0,19365.25,80634.75,19.37,40
MA,Massachusetts,100000,married,7640,7650,4460,460,20210,79790,20.21,48
MI,Michigan,100000,married,7640,7650,3748.5,0,19038.5,80961.5,19.04,37
MN,Minnesota,100000,married,7640,7650,4013.05,440,19743.05,80256.95,19.74,44
MS,Mississippi,100000,married,7640,7650,2936,0,18226,81774,18.23,19
MO,Missouri,100000,married,7640,7650,2952.11,0,18242.11,81757.89,18.24,20
MT,Montana,100000,married,7640,7650,3186.6,0,18476.6,81523.4,18.48,25
NE,Nebraska,100000,married,7640,7650,2790.91,0,18080.91,81919.09,18.08,17
NV,Nevada,100000,married,7640,7650,0,0,15290,84710,15.29,3
NH,New Hampshire,100000,married,7640,7650,0,0,15290,84710,15.29,4
NJ,New Jersey,100000,married,7640,7650,2639.5,610.4,18539.9,81460.1,18.54,26
NM,New Mexico,100000,married,7640,7650,2575.6,0,17865.6,82134.4,17.87,16
NY,New York,100000,married,7640,7650,4200.8,451.2,19942,80058,19.94,46
NC,North Carolina,100000,married,7640,7650,2972.55,0,18262.55,81737.45,18.26,21
ND,North Dakota,100000,married,7640,7650,0,0,15290,84710,15.29,5
OH,Ohio,100000,married,7640,7650,1981.38,0,17271.38,82728.62,17.27,12
OK,Oklahoma,100000,married,7640,7650,3431,0,18721,81279,18.72,31
OR,Oregon,100000,married,7640,7650,6422.25,700,22412.25,77587.75,22.41,51
PA,Pennsylvania,100000,married,7640,7650,3070,70,18430,81570,18.43,24
RI,Rhode Island,100000,married,7640,7650,2516.25,1159.6,18965.85,81034.15,18.97,36
SC,South Carolina,100000,married,7640,7650,3411.9,0,18701.9,81298.1,18.7,30
SD,South Dakota,100000,married,7640,7650,0,0,15290,84710,15.29,6
TN,Tennessee,100000,married,7640,7650,0,0,15290,84710,15.29,7
TX,Texas,100000,married,7640,7650,0,0,15290,84710,15.29,8
UT,Utah,100000,married,7640,7650,3088.72,0,18378.72,81621.28,18.38,23
VT,Vermont,100000,married,7640,7650,2482.35,0,17772.35,82227.65,17.77,14
VA,Virginia,100000,married,7640,7650,4379.3,0,19669.3,80330.7,19.67,43
WA,Washington,100000,married,7640,7650,0,1387.2,16677.2,83322.8,16.68,10
WV,West Virginia,100000,married,7640,7650,3599.3,0,18889.3,81110.7,18.89,35
WI,Wisconsin,100000,married,7640,7650,3797.32,0,19087.32,80912.68,19.09,38
WY,Wyoming,100000,married,7640,7650,0,0,15290,84710,15.29,9
AL,Alabama,125000,single,18734,9562.5,5073.3,0,33369.8,91630.2,26.7,26
AK,Alaska,125000,single,18734,9562.5,0,0,28296.5,96703.5,22.64,1
AZ,Arizona,125000,single,18734,9562.5,2722.5,0,31019,93981,24.82,12
AR,Arkansas,125000,single,18734,9562.5,4662.27,0,32958.77,92041.23,26.37,20
CA,California,125000,single,18734,9562.5,7379.98,1625,37301.48,87698.52,29.84,50
CO,Colorado,125000,single,18734,9562.5,4791.6,562.5,33650.6,91349.4,26.92,28
CT,Connecticut,125000,single,18734,9562.5,6250,625,35171.5,89828.5,28.14,44
DE,Delaware,125000,single,18734,9562.5,6909,0,35205.5,89794.5,28.16,46
DC,District of Columbia,125000,single,18734,9562.5,7656.5,0,35953,89047,28.76,48
FL,Florida,125000,single,18734,9562.5,0,0,28296.5,96703.5,22.64,2
GA,Georgia,125000,single,18734,9562.5,5489,0,33785.5,91214.5,27.03,29
HI,Hawaii,125000,single,18734,9562.5,7969.86,391,36657.36,88342.64,29.33,49
ID,Idaho,125000,single,18734,9562.5,5516.72,0,33813.22,91186.78,27.05,31
IL,Illinois,125000,single,18734,9562.5,6042.71,0,34339.21,90660.79,27.47,38
IN,Indiana,125000,single,18734,9562.5,3658,0,31954.5,93045.5,25.56,14
IA,Iowa,125000,single,18734,9562.5,4098.2,0,32394.7,92605.3,25.92,16
KS,Kansas,125000,single,18734,9562.5,6175.31,0,34471.81,90528.19,27.58,39
KY,Kentucky,125000,single,18734,9562.5,4257.4,0,32553.9,92446.1,26.04,17
LA,Louisiana,125000,single,18734,9562.5,3363.75,0,31660.25,93339.75,25.33,13
ME,Maine,125000,single,18734,9562.5,6887.71,0,35184.21,89815.79,28.15,45
MD,Maryland,125000,single,18734,9562.5,5700,0,33996.5,91003.5,27.2,33
MA,Massachusetts,125000,single,18734,9562.5,5930,575,34801.5,90198.5,27.84,42
MI,Michigan,125000,single,18734,9562.5,5061.75,0,33358.25,91641.75,26.69,25
MN,Minnesota,125000,single,18734,9562.5,6979.44,550,35825.94,89174.06,28.66,47
MS,Mississippi,125000,single,18734,9562.5,4268,0,32564.5,92435.5,26.05,18
MO,Missouri,125000,single,18734,9562.5,4893.64,0,33190.14,91809.86,26.55,24
MT,Montana,125000,single,18734,9562.5,5701.6,0,33998.1,91001.9,27.2,34
NE,Nebraska,125000,single,18734,9562.5,4807.96,0,33104.46,91895.54,26.48,22
NV,Nevada,125000,single,18734,9562.5,0,0,28296.5,96703.5,22.64,3
NH,New Hampshire,125000,single,18734,9562.5,0,0,28296.5,96703.5,22.64,4
NJ,New Jersey,125000,single,18734,9562.5,5772.55,715.4,34784.45,90215.55,27.83,41
NM,New Mexico,125000,single,18734,9562.5,4794.1,0,33090.6,91909.4,26.47,21
NY,New York,125000,single,18734,9562.5,6334.75,451.2,35082.45,89917.55,28.07,43
NC,North Carolina,125000,single,18734,9562.5,4478.77,0,32775.28,92224.73,26.22,19
ND,North Dakota,125000,single,18734,9562.5,1178.29,0,29474.79,95525.21,23.58,9
OH,Ohio,125000,single,18734,9562.5,2668.88,0,30965.38,94034.62,24.77,11
OK,Oklahoma,125000,single,18734,9562.5,5079.5,0,33376,91624,26.7,27
OR,Oregon,125000,single,18734,9562.5,9386,875,38557.5,86442.5,30.85,51
PA,Pennsylvania,125000,single,18734,9562.5,3837.5,87.5,32221.5,92778.5,25.78,15
RI,Rhode Island,125000,single,18734,9562.5,4335.62,1159.6,33791.72,91208.27,27.03,30
SC,South Carolina,125000,single,18734,9562.5,5877.9,0,34174.4,90825.6,27.34,36
SD,South Dakota,125000,single,18734,9562.5,0,0,28296.5,96703.5,22.64,5
TN,Tennessee,125000,single,18734,9562.5,0,0,28296.5,96703.5,22.64,6
TX,Texas,125000,single,18734,9562.5,0,0,28296.5,96703.5,22.64,7
UT,Utah,125000,single,18734,9562.5,5562.5,0,33859,91141,27.09,32
VT,Vermont,125000,single,18734,9562.5,5789.8,0,34086.3,90913.7,27.27,35
VA,Virginia,125000,single,18734,9562.5,6373.4,0,34669.9,90330.1,27.74,40
WA,Washington,125000,single,18734,9562.5,0,1734.0,30030.5,94969.5,24.02,10
WV,West Virginia,125000,single,18734,9562.5,4835.9,0,33132.4,91867.6,26.51,23
WI,Wisconsin,125000,single,18734,9562.5,5911.33,0,34207.83,90792.17,27.37,37
WY,Wyoming,125000,single,18734,9562.5,0,0,28296.5,96703.5,22.64,8
AL,Alabama,125000,married,10640,9562.5,5238,0,25440.5,99559.5,20.35,38
AK,Alaska,125000,married,10640,9562.5,0,0,20202.5,104797.5,16.16,1
AZ,Arizona,125000,married,10640,9562.5,2320,0,22522.5,102477.5,18.02,11
AR,Arkansas,125000,married,10640,9562.5,4536.94,0,24739.44,100260.56,19.79,27
CA,California,125000,married,10640,9562.5,3579.06,1625,25406.56,99593.44,20.33,37
CO,Colorado,125000,married,10640,9562.5,4083.2,562.5,24848.2,100151.8,19.88,29
CT,Connecticut,125000,married,10640,9562.5,5375,625,26202.5,98797.5,20.96,44
DE,Delaware,125000,married,10640,9562.5,6584.5,0,26787,98213,21.43,49
DC,District of Columbia,125000,married,10640,9562.5,6288,0,26490.5,98509.5,21.19,48
FL,Florida,125000,married,10640,9562.5,0,0,20202.5,104797.5,16.16,2
GA,Georgia,125000,married,10640,9562.5,4740.5,0,24943,100057,19.95,32
HI,Hawaii,125000,married,10640,9562.5,6439.71,391,27033.21,97966.79,21.63,50
ID,Idaho,125000,married,10640,9562.5,4408.43,0,24610.93,100389.07,19.69,25
IL,Illinois,125000,married,10640,9562.5,5897.93,0,26100.42,98899.57,20.88,43
IN,Indiana,125000,married,10640,9562.5,3628.5,0,23831,101169,19.06,15
IA,Iowa,125000,married,10640,9562.5,3446.4,0,23648.9,101351.1,18.92,14
KS,Kansas,125000,married,10640,9562.5,5318.15,0,25520.65,99479.35,20.42,40
KY,Kentucky,125000,married,10640,9562.5,4139.8,0,24342.3,100657.7,19.47,22
LA,Louisiana,125000,married,10640,9562.5,2977.5,0,23180,101820,18.54,13
ME,Maine,125000,married,10640,9562.5,5027.92,0,25230.42,99769.58,20.18,36
MD,Maryland,125000,married,10640,9562.5,5262.75,0,25465.25,99534.75,20.37,39
MA,Massachusetts,125000,married,10640,9562.5,5710,575,26487.5,98512.5,21.19,47
MI,Michigan,125000,married,10640,9562.5,4811,0,25013.5,99986.5,20.01,34
MN,Minnesota,125000,married,10640,9562.5,5713.05,550,26465.55,98534.45,21.17,46
MS,Mississippi,125000,married,10640,9562.5,3936,0,24138.5,100861.5,19.31,20
MO,Missouri,125000,married,10640,9562.5,4155.96,0,24358.46,100641.54,19.49,23
MT,Montana,125000,married,10640,9562.5,4361.6,0,24564.1,100435.9,19.65,24
NE,Nebraska,125000,married,10640,9562.5,3928.41,0,24130.91,100869.09,19.3,19
NV,Nevada,125000,married,10640,9562.5,0,0,20202.5,104797.5,16.16,3
NH,New Hampshire,125000,married,10640,9562.5,0,0,20202.5,104797.5,16.16,4
NJ,New Jersey,125000,married,10640,9562.5,4020.75,715.4,24938.65,100061.35,19.95,31
NM,New Mexico,125000,married,10640,9562.5,3750.6,0,23953.1,101046.9,19.16,16
NY,New York,125000,married,10640,9562.5,5550.8,451.2,26204.5,98795.5,20.96,45
NC,North Carolina,125000,married,10640,9562.5,3970.05,0,24172.55,100827.45,19.34,21
ND,North Dakota,125000,married,10640,9562.5,230.59,0,20433.09,104566.91,16.35,9
OH,Ohio,125000,married,10640,9562.5,2668.88,0,22871.38,102128.62,18.3,12
OK,Oklahoma,125000,married,10640,9562.5,4556,0,24758.5,100241.5,19.81,28
OR,Oregon,125000,married,10640,9562.5,8556.38,875,29633.88,95366.12,23.71,51
PA,Pennsylvania,125000,married,10640,9562.5,3837.5,87.5,24127.5,100872.5,19.3,18
RI,Rhode Island,125000,married,10640,9562.5,3554.25,1159.6,24916.35,100083.65,19.93,30
SC,South Carolina,125000,married,10640,9562.5,4911.9,0,25114.4,99885.6,20.09,35
SD,South Dakota,125000,married,10640,9562.5,0,0,20202.5,104797.5,16.16,5
TN,Tennessee,125000,married,10640,9562.5,0,0,20202.5,104797.5,16.16,6
TX,Texas,125000,married,10640,9562.5,0,0,20202.5,104797.5,16.16,7
UT,Utah,125000,married,10640,9562.5,4526.22,0,24728.72,100271.28,19.78,26
VT,Vermont,125000,married,10640,9562.5,3860.98,0,24063.47,100936.52,19.25,17
VA,Virginia,125000,married,10640,9562.5,5816.8,0,26019.3,98980.7,20.82,42
WA,Washington,125000,married,10640,9562.5,0,1734.0,21936.5,103063.5,17.55,10
WV,West Virginia,125000,married,10640,9562.5,4744.3,0,24946.8,100053.2,19.96,33
WI,Wisconsin,125000,married,10640,9562.5,5384.38,0,25586.88,99413.12,20.47,41
WY,Wyoming,125000,married,10640,9562.5,0,0,20202.5,104797.5,16.16,8
AL,Alabama,150000,single,24734,11475,6023.3,0,42232.3,107767.7,28.15,24
AK,Alaska,150000,single,24734,11475,0,0,36209,113791,24.14,1
AZ,Arizona,150000,single,24734,11475,3347.5,0,39556.5,110443.5,26.37,11
AR,Arkansas,150000,single,24734,11475,5637.27,0,41846.27,108153.73,27.9,20
CA,California,150000,single,24734,11475,9704.98,1950,47863.98,102136.02,31.91,50
CO,Colorado,150000,single,24734,11475,5891.6,675,42775.6,107224.4,28.52,28
CT,Connecticut,150000,single,24734,11475,7750,750,44709,105291,29.81,44
DE,Delaware,150000,single,24734,11475,8559,0,44768,105232,29.85,45
DC,District of Columbia,150000,single,24734,11475,9781.5,0,45990.5,104009.5,30.66,48
FL,Florida,150000,single,24734,11475,0,0,36209,113791,24.14,2
GA,Georgia,150000,single,24734,11475,6736.5,0,42945.5,107054.5,28.63,31
HI,Hawaii,150000,single,24734,11475,9928.22,391,46528.22,103471.78,31.02,49
ID,Idaho,150000,single,24734,11475,6841.72,0,43050.72,106949.28,28.7,32
IL,Illinois,150000,single,24734,11475,7280.21,0,43489.21,106510.79,28.99,35
IN,Indiana,150000,single,24734,11475,4395.5,0,40604.5,109395.5,27.07,14
IA,Iowa,150000,single,24734,11475,5048.2,0,41257.2,108742.8,27.5,16
KS,Kansas,150000,single,24734,11475,7570.31,0,43779.31,106220.69,29.19,38
KY,Kentucky,150000,single,24734,11475,5132.4,0,41341.4,108658.6,27.56,17
LA,Louisiana,150000,single,24734,11475,4113.75,0,40322.75,109677.25,26.88,13
ME,Maine,150000,single,24734,11475,8675.21,0,44884.21,105115.79,29.92,46
MD,Maryland,150000,single,24734,11475,7042.12,0,43251.12,106748.88,28.83,33
MA,Massachusetts,150000,single,24734,11475,7180,690,44079,105921,29.39,41
MI,Michigan,150000,single,24734,11475,6124.25,0,42333.25,107666.75,28.22,26
MN,Minnesota,150000,single,24734,11475,8941.94,660,45810.94,104189.06,30.54,47
MS,Mississippi,150000,single,24734,11475,5268,0,41477,108523,27.65,18
MO,Missouri,150000,single,24734,11475,6112.67,0,42321.67,107678.33,28.21,25
MT,Montana,150000,single,24734,11475,7114.1,0,43323.1,106676.9,28.88,34
NE,Nebraska,150000,single,24734,11475,5945.46,0,42154.46,107845.54,28.1,21
NV,Nevada,150000,single,24734,11475,0,0,36209,113791,24.14,3
NH,New Hampshire,150000,single,24734,11475,0,0,36209,113791,24.14,4
NJ,New Jersey,150000,single,24734,11475,7365.05,820.4,44394.45,105605.55,29.6,42
NM,New Mexico,150000,single,24734,11475,6019.1,0,42228.1,107771.9,28.15,23
NY,New York,150000,single,24734,11475,7809.75,451.2,44469.95,105530.05,29.65,43
NC,North Carolina,150000,single,24734,11475,5476.27,0,41685.28,108314.73,27.79,19
ND,North Dakota,150000,single,24734,11475,1665.79,0,37874.79,112125.21,25.25,9
OH,Ohio,150000,single,24734,11475,3356.38,0,39565.38,110434.62,26.38,12
OK,Oklahoma,150000,single,24734,11475,6204.5,0,42413.5,107586.5,28.28,27
OR,Oregon,150000,single,24734,11475,12549.41,1050,49808.41,100191.59,33.21,51
PA,Pennsylvania,150000,single,24734,11475,4605,105,40919,109081,27.28,15
RI,Rhode Island,150000,single,24734,11475,5523.12,1159.6,42891.72,107108.27,28.59,30
SC,South Carolina,150000,single,24734,11475,7377.9,0,43586.9,106413.1,29.06,37
SD,South Dakota,150000,single,24734,11475,0,0,36209,113791,24.14,5
TN,Tennessee,150000,single,24734,11475,0,0,36209,113791,24.14,6
TX,Texas,150000,single,24734,11475,0,0,36209,113791,24.14,7
UT,Utah,150000,single,24734,11475,6675,0,42884,107116,28.59,29
VT,Vermont,150000,single,24734,11475,7613.3,0,43822.3,106177.7,29.21,39
VA,Virginia,150000,single,24734,11475,7810.9,0,44019.9,105980.1,29.35,40
WA,Washington,150000,single,24734,11475,0,2080.8,38289.8,111710.2,25.53,10
WV,West Virginia,150000,single,24734,11475,5980.9,0,42189.9,107810.1,28.13,22
WI,Wisconsin,150000,single,24734,11475,7309.36,0,43518.36,106481.64,29.01,36
WY,Wyoming,150000,single,24734,11475,0,0,36209,113791,24.14,8
AL,Alabama,150000,married,15340,11475,6253,0,33068,116932,22.05,35
AK,Alaska,150000,married,15340,11475,0,0,26815,123185,17.88,1
AZ,Arizona,150000,married,15340,11475,2945,0,29760,120240,19.84,11
AR,Arkansas,150000,married,15340,11475,5511.94,0,32326.94,117673.06,21.55,24
CA,California,150000,married,15340,11475,5549.14,1950,34314.14,115685.86,22.88,44
CO,Colorado,150000,married,15340,11475,5183.2,675,32673.2,117326.8,21.78,28
CT,Connecticut,150000,married,15340,11475,6750,750,34315,115685,22.88,45
DE,Delaware,150000,married,15340,11475,8234.5,0,35049.5,114950.5,23.37,48
DC,District of Columbia,150000,married,15340,11475,8413,0,35228,114772,23.49,49
FL,Florida,150000,married,15340,11475,0,0,26815,123185,17.88,2
GA,Georgia,150000,married,15340,11475,5988,0,32803,117197,21.87,33
HI,Hawaii,150000,married,15340,11475,8339.71,391,35545.71,114454.29,23.7,50
ID,Idaho,150000,married,15340,11475,5733.43,0,32548.43,117451.57,21.7,26
IL,Illinois,150000,married,15340,11475,7135.43,0,33950.43,116049.57,22.63,41
IN,Indiana,150000,married,15340,11475,4366,0,31181,118819,20.79,14
IA,Iowa,150000,married,15340,11475,4396.4,0,31211.4,118788.6,20.81,15
KS,Kansas,150000,married,15340,11475,6713.15,0,33528.15,116471.85,22.35,38
KY,Kentucky,150000,married,15340,11475,5014.8,0,31829.8,118170.2,21.22,20
LA,Louisiana,150000,married,15340,11475,3727.5,0,30542.5,119457.5,20.36,13
ME,Maine,150000,married,15340,11475,6715.42,0,33530.42,116469.58,22.35,39
MD,Maryland,150000,married,15340,11475,6450.25,0,33265.25,116734.75,22.18,37
MA,Massachusetts,150000,married,15340,11475,6960,690,34465,115535,22.98,46
MI,Michigan,150000,married,15340,11475,5873.5,0,32688.5,117311.5,21.79,29
MN,Minnesota,150000,married,15340,11475,7413.05,660,34888.05,115111.95,23.26,47
MS,Mississippi,150000,married,15340,11475,4936,0,31751,118249,21.17,17
MO,Missouri,150000,married,15340,11475,5355.97,0,32170.97,117829.03,21.45,22
MT,Montana,150000,married,15340,11475,5753.2,0,32568.2,117431.8,21.71,27
NE,Nebraska,150000,married,15340,11475,5065.91,0,31880.91,118119.09,21.25,21
NV,Nevada,150000,married,15340,11475,0,0,26815,123185,17.88,3
NH,New Hampshire,150000,married,15340,11475,0,0,26815,123185,17.88,4
NJ,New Jersey,150000,married,15340,11475,5402,820.4,33037.4,116962.6,22.02,34
NM,New Mexico,150000,married,15340,11475,4961.2,0,31776.2,118223.8,21.18,18
NY,New York,150000,married,15340,11475,6900.8,451.2,34167,115833,22.78,43
NC,North Carolina,150000,married,15340,11475,4967.55,0,31782.55,118217.45,21.19,19
ND,North Dakota,150000,married,15340,11475,718.09,0,27533.09,122466.91,18.36,9
OH,Ohio,150000,married,15340,11475,3356.38,0,30171.38,119828.62,20.11,12
OK,Oklahoma,150000,married,15340,11475,5681,0,32496,117504,21.66,25
OR,Oregon,150000,married,15340,11475,10743.88,1050,38608.88,111391.12,25.74,51
PA,Pennsylvania,150000,married,15340,11475,4605,105,31525,118475,21.02,16
RI,Rhode Island,150000,married,15340,11475,4741.75,1159.6,32716.35,117283.65,21.81,31
SC,South Carolina,150000,married,15340,11475,6411.9,0,33226.9,116773.1,22.15,36
SD,South Dakota,150000,married,15340,11475,0,0,26815,123185,17.88,5
TN,Tennessee,150000,married,15340,11475,0,0,26815,123185,17.88,6
TX,Texas,150000,married,15340,11475,0,0,26815,123185,17.88,7
UT,Utah,150000,married,15340,11475,5963.72,0,32778.72,117221.28,21.85,32
VT,Vermont,150000,married,15340,11475,5510.98,0,32325.97,117674.02,21.55,23
VA,Virginia,150000,married,15340,11475,7254.3,0,34069.3,115930.7,22.71,42
WA,Washington,150000,married,15340,11475,0,2080.8,28895.8,121104.2,19.26,10
WV,West Virginia,150000,married,15340,11475,5889.3,0,32704.3,117295.7,21.8,30
WI,Wisconsin,150000,married,15340,11475,6971.44,0,33786.44,116213.56,22.52,40
WY,Wyoming,150000,married,15340,11475,0,0,26815,123185,17.88,8
AL,Alabama,200000,single,36734,14339,7923.3,0,58996.3,141003.7,29.5,21
AK,Alaska,200000,single,36734,14339,0,0,51073,148927,25.54,1
AZ,Arizona,200000,single,36734,14339,4597.5,0,55670.5,144329.5,27.84,11
AR,Arkansas,200000,single,36734,14339,7587.27,0,58660.27,141339.73,29.33,20
CA,California,200000,single,36734,14339,14354.98,2600,68027.98,131972.02,34.01,50
CO,Colorado,200000,single,36734,14339,8091.6,830.25,59994.85,140005.15,30.0,29
CT,Connecticut,200000,single,36734,14339,10750,922.5,62745.5,137254.5,31.37,44
DE,Delaware,200000,single,36734,14339,11859,0,62932,137068,31.47,45
DC,District of Columbia,200000,single,36734,14339,14031.5,0,65104.5,134895.5,32.55,48
FL,Florida,200000,single,36734,14339,0,0,51073,148927,25.54,2
GA,Georgia,200000,single,36734,14339,9231.5,0,60304.5,139695.5,30.15,31
HI,Hawaii,200000,single,36734,14339,13946.32,391,65410.32,134589.68,32.71,49
ID,Idaho,200000,single,36734,14339,9491.72,0,60564.72,139435.28,30.28,32
IL,Illinois,200000,single,36734,14339,9755.21,0,60828.21,139171.79,30.41,33
IN,Indiana,200000,single,36734,14339,5870.5,0,56943.5,143056.5,28.47,14
IA,Iowa,200000,single,36734,14339,6948.2,0,58021.2,141978.8,29.01,17
KS,Kansas,200000,single,36734,14339,10360.31,0,61433.31,138566.69,30.72,37
KY,Kentucky,200000,single,36734,14339,6882.4,0,57955.4,142044.6,28.98,16
LA,Louisiana,200000,single,36734,14339,5613.75,0,56686.75,143313.25,28.34,13
ME,Maine,200000,single,36734,14339,12250.21,0,63323.21,136676.79,31.66,46
MD,Maryland,200000,single,36734,14339,9825.75,0,60898.75,139101.25,30.45,34
MA,Massachusetts,200000,single,36734,14339,9680,848.7,61601.7,138398.3,30.8,39
MI,Michigan,200000,single,36734,14339,8249.25,0,59322.25,140677.75,29.66,23
MN,Minnesota,200000,single,36734,14339,12866.94,811.8,64751.74,135248.26,32.38,47
MS,Mississippi,200000,single,36734,14339,7268,0,58341,141659,29.17,18
MO,Missouri,200000,single,36734,14339,8462.67,0,59535.67,140464.33,29.77,26
MT,Montana,200000,single,36734,14339,9939.1,0,61012.1,138987.9,30.51,35
NE,Nebraska,200000,single,36734,14339,8220.46,0,59293.46,140706.54,29.65,22
NV,Nevada,200000,single,36734,14339,0,0,51073,148927,25.54,3
NH,New Hampshire,200000,single,36734,14339,0,0,51073,148927,25.54,4
NJ,New Jersey,200000,single,36734,14339,10550.05,907.34,62530.39,137469.61,31.27,43
NM,New Mexico,200000,single,36734,14339,8469.1,0,59542.1,140457.9,29.77,27
NY,New York,200000,single,36734,14339,10759.75,451.2,62283.95,137716.05,31.14,41
NC,North Carolina,200000,single,36734,14339,7471.27,0,58544.28,141455.73,29.27,19
ND,North Dakota,200000,single,36734,14339,2640.79,0,53713.79,146286.21,26.86,9
OH,Ohio,200000,single,36734,14339,4731.38,0,55804.38,144195.62,27.9,12
OK,Oklahoma,200000,single,36734,14339,8454.5,0,59527.5,140472.5,29.76,25
OR,Oregon,200000,single,36734,14339,17499.41,1307,69879.41,130120.59,34.94,51
PA,Pennsylvania,200000,single,36734,14339,6140,140,57353,142647,28.68,15
RI,Rhode Island,200000,single,36734,14339,7898.12,1159.6,60130.72,139869.27,30.07,30
SC,South Carolina,200000,single,36734,14339,10377.9,0,61450.9,138549.1,30.73,38
SD,South Dakota,200000,single,36734,14339,0,0,51073,148927,25.54,5
TN,Tennessee,200000,single,36734,14339,0,0,51073,148927,25.54,6
TX,Texas,200000,single,36734,14339,0,0,51073,148927,25.54,7
UT,Utah,200000,single,36734,14339,8900,0,59973,140027,29.99,28
VT,Vermont,200000,single,36734,14339,11413.3,0,62486.3,137513.7,31.24,42
VA,Virginia,200000,single,36734,14339,10685.9,0,61758.9,138241.1,30.88,40
WA,Washington,200000,single,36734,14339,0,2649.28,53722.28,146277.72,26.86,10
WV,West Virginia,200000,single,36734,14339,8270.9,0,59343.9,140656.1,29.67,24
WI,Wisconsin,200000,single,36734,14339,9959.36,0,61032.36,138967.64,30.52,36
WY,Wyoming,200000,single,36734,14339,0,0,51073,148927,25.54,8
AL,Alabama,200000,married,26340,14339,8203,0,48882,151118,24.44,27
AK,Alaska,200000,married,26340,14339,0,0,40679,159321,20.34,1
AZ,Arizona,200000,married,26340,14339,4195,0,44874,155126,22.44,11
AR,Arkansas,200000,married,26340,14339,7461.94,0,48140.94,151859.06,24.07,22
CA,California,200000,married,26340,14339,10109.96,2600,53388.96,146611.04,26.69,50
CO,Colorado,200000,married,26340,14339,7383.2,830.25,48892.45,151107.55,24.45,28
CT,Connecticut,200000,married,26340,14339,9500,922.5,51101.5,148898.5,25.55,45
DE,Delaware,200000,married,26340,14339,11534.5,0,52213.5,147786.5,26.11,46
DC,District of Columbia,200000,married,26340,14339,12663,0,53342,146658,26.67,49
FL,Florida,200000,married,26340,14339,0,0,40679,159321,20.34,2
GA,Georgia,200000,married,26340,14339,8483,0,49162,150838,24.58,31
HI,Hawaii,200000,married,26340,14339,12139.71,391,53209.71,146790.29,26.6,48
ID,Idaho,200000,married,26340,14339,8383.43,0,49062.43,150937.57,24.53,30
IL,Illinois,200000,married,26340,14339,9610.43,0,50289.43,149710.58,25.14,39
IN,Indiana,200000,married,26340,14339,5841,0,46520,153480,23.26,14
IA,Iowa,200000,married,26340,14339,6296.4,0,46975.4,153024.6,23.49,16
KS,Kansas,200000,married,26340,14339,9503.15,0,50182.15,149817.85,25.09,38
KY,Kentucky,200000,married,26340,14339,6764.8,0,47443.8,152556.2,23.72,17
LA,Louisiana,200000,married,26340,14339,5227.5,0,45906.5,154093.5,22.95,13
ME,Maine,200000,married,26340,14339,10200.43,0,50879.43,149120.57,25.44,43
MD,Maryland,200000,married,26340,14339,9199.25,0,49878.25,150121.75,24.94,35
MA,Massachusetts,200000,married,26340,14339,9460,848.7,50987.7,149012.3,25.49,44
MI,Michigan,200000,married,26340,14339,7998.5,0,48677.5,151322.5,24.34,25
MN,Minnesota,200000,married,26340,14339,10813.05,811.8,52303.85,147696.15,26.15,47
MS,Mississippi,200000,married,26340,14339,6936,0,47615,152385,23.81,18
MO,Missouri,200000,married,26340,14339,7705.97,0,48384.97,151615.03,24.19,23
MT,Montana,200000,married,26340,14339,8578.2,0,49257.2,150742.8,24.63,32
NE,Nebraska,200000,married,26340,14339,7340.91,0,48019.91,151980.09,24.01,20
NV,Nevada,200000,married,26340,14339,0,0,40679,159321,20.34,3
NH,New Hampshire,200000,married,26340,14339,0,0,40679,159321,20.34,4
NJ,New Jersey,200000,married,26340,14339,8570.1,907.34,50156.44,149843.56,25.08,37
NM,New Mexico,200000,married,26340,14339,7411.2,0,48090.2,151909.8,24.05,21
NY,New York,200000,married,26340,14339,9712.8,451.2,50843,149157,25.42,42
NC,North Carolina,200000,married,26340,14339,6962.55,0,47641.55,152358.45,23.82,19
ND,North Dakota,200000,married,26340,14339,1693.09,0,42372.09,157627.91,21.19,9
OH,Ohio,200000,married,26340,14339,4731.38,0,45410.38,154589.62,22.71,12
OK,Oklahoma,200000,married,26340,14339,7931,0,48610,151390,24.3,24
OR,Oregon,200000,married,26340,14339,15118.88,1307,57104.88,142895.12,28.55,51
PA,Pennsylvania,200000,married,26340,14339,6140,140,46959,153041,23.48,15
RI,Rhode Island,200000,married,26340,14339,7116.75,1159.6,48955.35,151044.65,24.48,29
SC,South Carolina,200000,married,26340,14339,9411.9,0,50090.9,149909.1,25.05,36
SD,South Dakota,200000,married,26340,14339,0,0,40679,159321,20.34,5
TN,Tennessee,200000,married,26340,14339,0,0,40679,159321,20.34,6
TX,Texas,200000,married,26340,14339,0,0,40679,159321,20.34,7
UT,Utah,200000,married,26340,14339,8838.72,0,49517.72,150482.28,24.76,34
VT,Vermont,200000,married,26340,14339,8810.98,0,49489.97,150510.02,24.74,33
VA,Virginia,200000,married,26340,14339,10129.3,0,50808.3,149191.7,25.4,41
WA,Washington,200000,married,26340,14339,0,2649.28,43328.28,156671.72,21.66,10
WV,West Virginia,200000,married,26340,14339,8179.3,0,48858.3,151141.7,24.43,26
WI,Wisconsin,200000,married,26340,14339,9721.02,0,50400.02,149599.98,25.2,40
WY,Wyoming,200000,married,26340,14339,0,0,40679,159321,20.34,8
AL,Alabama,250000,single,51304,15514,9694.8,0,76512.8,173487.2,30.61,21
AK,Alaska,250000,single,51304,15514,0,0,66818,183182,26.73,1
AZ,Arizona,250000,single,51304,15514,5847.5,0,72665.5,177334.5,29.07,11
AR,Arkansas,250000,single,51304,15514,9537.27,0,76355.27,173644.73,30.54,20
CA,California,250000,single,51304,15514,19004.98,3250,89072.98,160927.02,35.63,50
CO,Colorado,250000,single,51304,15514,10291.6,830.25,77939.85,172060.15,31.18,27
CT,Connecticut,250000,single,51304,15514,14000,922.5,81740.5,168259.5,32.7,43
DE,Delaware,250000,single,51304,15514,15159,0,81977,168023,32.79,44
DC,District of Columbia,250000,single,51304,15514,18281.5,0,85099.5,164900.5,34.04,48
FL,Florida,250000,single,51304,15514,0,0,66818,183182,26.73,2
GA,Georgia,250000,single,51304,15514,11726.5,0,78544.5,171455.5,31.42,30
HI,Hawaii,250000,single,51304,15514,18217.24,391,85426.24,164573.76,34.17,49
ID,Idaho,250000,single,51304,15514,12141.72,0,78959.72,171040.28,31.58,32
IL,Illinois,250000,single,51304,15514,12230.21,0,79048.21,170951.79,31.62,33
IN,Indiana,250000,single,51304,15514,7345.5,0,74163.5,175836.5,29.67,14
IA,Iowa,250000,single,51304,15514,8848.2,0,75666.2,174333.8,30.27,17
KS,Kansas,250000,single,51304,15514,13150.31,0,79968.31,170031.69,31.99,38
KY,Kentucky,250000,single,51304,15514,8632.4,0,75450.4,174549.6,30.18,16
LA,Louisiana,250000,single,51304,15514,7113.75,0,73931.75,176068.25,29.57,13
ME,Maine,250000,single,51304,15514,15825.21,0,82643.21,167356.79,33.06,46
MD,Maryland,250000,single,51304,15514,12575.75,0,79393.75,170606.25,31.76,34
MA,Massachusetts,250000,single,51304,15514,12180,848.7,79846.7,170153.3,31.94,37
MI,Michigan,250000,single,51304,15514,10374.25,0,77192.25,172807.75,30.88,22
MN,Minnesota,250000,single,51304,15514,17422.94,811.8,85052.74,164947.26,34.02,47
MS,Mississippi,250000,single,51304,15514,9268,0,76086,173914,30.43,18
MO,Missouri,250000,single,51304,15514,10812.67,0,77630.67,172369.33,31.05,26
MT,Montana,250000,single,51304,15514,12764.1,0,79582.1,170417.9,31.83,36
NE,Nebraska,250000,single,51304,15514,10495.46,0,77313.46,172686.54,30.93,23
NV,Nevada,250000,single,51304,15514,0,0,66818,183182,26.73,3
NH,New Hampshire,250000,single,51304,15514,0,0,66818,183182,26.73,4
NJ,New Jersey,250000,single,51304,15514,13735.05,907.34,81460.39,168539.61,32.58,42
NM,New Mexico,250000,single,51304,15514,11158.1,0,77976.1,172023.9,31.19,29
NY,New York,250000,single,51304,15514,13962.45,451.2,81231.65,168768.35,32.49,41
NC,North Carolina,250000,single,51304,15514,9466.27,0,76284.27,173715.73,30.51,19
ND,North Dakota,250000,single,51304,15514,3615.79,0,70433.79,179566.21,28.17,10
OH,Ohio,250000,single,51304,15514,6106.38,0,72924.38,177075.62,29.17,12
OK,Oklahoma,250000,single,51304,15514,10704.5,0,77522.5,172477.5,31.01,25
OR,Oregon,250000,single,51304,15514,22449.41,1357,90624.41,159375.59,36.25,51
PA,Pennsylvania,250000,single,51304,15514,7675,175,74668,175332,29.87,15
RI,Rhode Island,250000,single,51304,15514,10857.17,1159.6,78834.77,171165.23,31.53,31
SC,South Carolina,250000,single,51304,15514,13377.9,0,80195.9,169804.1,32.08,39
SD,South Dakota,250000,single,51304,15514,0,0,66818,183182,26.73,5
TN,Tennessee,250000,single,51304,15514,0,0,66818,183182,26.73,6
TX,Texas,250000,single,51304,15514,0,0,66818,183182,26.73,7
UT,Utah,250000,single,51304,15514,11125,0,77943,172057,31.18,28
VT,Vermont,250000,single,51304,15514,15213.3,0,82031.3,167968.7,32.81,45
VA,Virginia,250000,single,51304,15514,13560.9,0,80378.9,169621.1,32.15,40
WA,Washington,250000,single,51304,15514,0,2939.28,69757.28,180242.72,27.9,9
WV,West Virginia,250000,single,51304,15514,10560.9,0,77378.9,172621.1,30.95,24
WI,Wisconsin,250000,single,51304,15514,12609.36,0,79427.36,170572.64,31.77,35
WY,Wyoming,250000,single,51304,15514,0,0,66818,183182,26.73,8
AL,Alabama,250000,married,37468,15514,10146.6,0,63128.6,186871.4,25.25,25
AK,Alaska,250000,married,37468,15514,0,0,52982,197018,21.19,1
AZ,Arizona,250000,married,37468,15514,5445,0,58427,191573,23.37,11
AR,Arkansas,250000,married,37468,15514,9411.94,0,62393.94,187606.06,24.96,20
CA,California,250000,married,37468,15514,14759.96,3250,70991.96,179008.04,28.4,50
CO,Colorado,250000,married,37468,15514,9583.2,830.25,63395.45,186604.55,25.36,27
CT,Connecticut,250000,married,37468,15514,12500,922.5,66404.5,183595.5,26.56,44
DE,Delaware,250000,married,37468,15514,14834.5,0,67816.5,182183.5,27.13,46
DC,District of Columbia,250000,married,37468,15514,16913,0,69895,180105,27.96,49
FL,Florida,250000,married,37468,15514,0,0,52982,197018,21.19,2
GA,Georgia,250000,married,37468,15514,10978,0,63960,186040,25.58,29
HI,Hawaii,250000,married,37468,15514,15939.71,391,69312.71,180687.29,27.73,48
ID,Idaho,250000,married,37468,15514,11033.43,0,64015.43,185984.57,25.61,31
IL,Illinois,250000,married,37468,15514,12085.43,0,65067.43,184932.58,26.03,35
IN,Indiana,250000,married,37468,15514,7316,0,60298,189702,24.12,14
IA,Iowa,250000,married,37468,15514,8196.4,0,61178.4,188821.6,24.47,16
KS,Kansas,250000,married,37468,15514,12293.15,0,65275.15,184724.85,26.11,36
KY,Kentucky,250000,married,37468,15514,8514.8,0,61496.8,188503.2,24.6,17
LA,Louisiana,250000,married,37468,15514,6727.5,0,59709.5,190290.5,23.88,13
ME,Maine,250000,married,37468,15514,13775.43,0,66757.43,183242.57,26.7,45
MD,Maryland,250000,married,37468,15514,11954,0,64936,185064,25.97,34
MA,Massachusetts,250000,married,37468,15514,11960,848.7,65790.7,184209.3,26.32,41
MI,Michigan,250000,married,37468,15514,10123.5,0,63105.5,186894.5,25.24,24
MN,Minnesota,250000,married,37468,15514,14485.21,811.8,68279.01,181720.99,27.31,47
MS,Mississippi,250000,married,37468,15514,8936,0,61918,188082,24.77,18
MO,Missouri,250000,married,37468,15514,10055.97,0,63037.97,186962.03,25.22,23
MT,Montana,250000,married,37468,15514,11403.2,0,64385.2,185614.8,25.75,33
NE,Nebraska,250000,married,37468,15514,9615.91,0,62597.91,187402.09,25.04,21
NV,Nevada,250000,married,37468,15514,0,0,52982,197018,21.19,3
NH,New Hampshire,250000,married,37468,15514,0,0,52982,197018,21.19,4
NJ,New Jersey,250000,married,37468,15514,11755.1,907.34,65644.44,184355.56,26.26,40
NM,New Mexico,250000,married,37468,15514,9861.2,0,62843.2,187156.8,25.14,22
NY,New York,250000,married,37468,15514,12662.8,451.2,66096,183904,26.44,43
NC,North Carolina,250000,married,37468,15514,8957.55,0,61939.55,188060.45,24.78,19
ND,North Dakota,250000,married,37468,15514,2668.09,0,55650.09,194349.91,22.26,9
OH,Ohio,250000,married,37468,15514,6106.38,0,59088.38,190911.62,23.64,12
OK,Oklahoma,250000,married,37468,15514,10181,0,63163,186837,25.27,26
OR,Oregon,250000,married,37468,15514,19493.88,1357,73832.88,176167.12,29.53,51
PA,Pennsylvania,250000,married,37468,15514,7675,175,60832,189168,24.33,15
RI,Rhode Island,250000,married,37468,15514,9871.81,1159.6,64013.41,185986.59,25.61,30
SC,South Carolina,250000,married,37468,15514,12411.9,0,65393.9,184606.1,26.16,39
SD,South Dakota,250000,married,37468,15514,0,0,52982,197018,21.19,5
TN,Tennessee,250000,married,37468,15514,0,0,52982,197018,21.19,6
TX,Texas,250000,married,37468,15514,0,0,52982,197018,21.19,7
UT,Utah,250000,married,37468,15514,11125,0,64107,185893,25.64,32
VT,Vermont,250000,married,37468,15514,12358.48,0,65340.47,184659.52,26.14,37
VA,Virginia,250000,married,37468,15514,13004.3,0,65986.3,184013.7,26.39,42
WA,Washington,250000,married,37468,15514,0,2939.28,55921.28,194078.72,22.37,10
WV,West Virginia,250000,married,37468,15514,10469.3,0,63451.3,186548.7,25.38,28
WI,Wisconsin,250000,married,37468,15514,12371.02,0,65353.02,184646.98,26.14,38
WY,Wyoming,250000,married,37468,15514,0,0,52982,197018,21.19,8
AL,Alabama,500000,single,138134.25,21389,17853.29,0,177376.54,322623.46,35.48,17
AK,Alaska,500000,single,138134.25,21389,0,0,159523.25,340476.75,31.9,1
AZ,Arizona,500000,single,138134.25,21389,12097.5,0,171620.75,328379.25,34.32,11
AR,Arkansas,500000,single,138134.25,21389,19287.27,0,178810.52,321189.48,35.76,20
CA,California,500000,single,138134.25,21389,43968.36,6500,209991.61,290008.39,42.0,51
CO,Colorado,500000,single,138134.25,21389,21291.6,830.25,181645.1,318354.9,36.33,26
CT,Connecticut,500000,single,138134.25,21389,31250,922.5,191695.75,308304.25,38.34,44
DE,Delaware,500000,single,138134.25,21389,31659,0,191182.25,308817.75,38.24,43
DC,District of Columbia,500000,single,138134.25,21389,41285.75,0,200809,299191,40.16,47
FL,Florida,500000,single,138134.25,21389,0,0,159523.25,340476.75,31.9,2
GA,Georgia,500000,single,138134.25,21389,24201.5,0,183724.75,316275.25,36.74,29
HI,Hawaii,500000,single,138134.25,21389,44606.36,391,204520.61,295479.39,40.9,49
ID,Idaho,500000,single,138134.25,21389,25391.72,0,184914.97,315085.03,36.98,31
IL,Illinois,500000,single,138134.25,21389,24605.21,0,184128.46,315871.54,36.83,30
IN,Indiana,500000,single,138134.25,21389,14720.5,0,174243.75,325756.25,34.85,14
IA,Iowa,500000,single,138134.25,21389,18348.2,0,177871.45,322128.55,35.57,18
KS,Kansas,500000,single,138134.25,21389,27100.31,0,186623.56,313376.44,37.32,37
KY,Kentucky,500000,single,138134.25,21389,17382.4,0,176905.65,323094.35,35.38,16
LA,Louisiana,500000,single,138134.25,21389,14613.75,0,174137,325863,34.83,13
ME,Maine,500000,single,138134.25,21389,33700.21,0,193223.46,306776.54,38.64,45
MD,Maryland,500000,single,138134.25,21389,26942.38,0,186465.62,313534.38,37.29,35
MA,Massachusetts,500000,single,138134.25,21389,24680,848.7,185051.95,314948.05,37.01,32
MI,Michigan,500000,single,138134.25,21389,20999.25,0,180522.5,319477.5,36.1,22
MN,Minnesota,500000,single,138134.25,21389,42047.94,811.8,202382.99,297617.01,40.48,48
MS,Mississippi,500000,single,138134.25,21389,19268,0,178791.25,321208.75,35.76,19
MO,Missouri,500000,single,138134.25,21389,22562.67,0,182085.92,317914.08,36.42,28
MT,Montana,500000,single,138134.25,21389,26889.1,0,186412.35,313587.65,37.28,34
NE,Nebraska,500000,single,138134.25,21389,21870.46,0,181393.71,318606.29,36.28,23
NV,Nevada,500000,single,138134.25,21389,0,0,159523.25,340476.75,31.9,3
NH,New Hampshire,500000,single,138134.25,21389,0,0,159523.25,340476.75,31.9,4
NJ,New Jersey,500000,single,138134.25,21389,29660.05,907.34,190090.64,309909.36,38.02,41
NM,New Mexico,500000,single,138134.25,21389,25908.1,0,185431.35,314568.65,37.09,33
NY,New York,500000,single,138134.25,21389,31087.45,451.2,191061.9,308938.1,38.21,42
NC,North Carolina,500000,single,138134.25,21389,19441.27,0,178964.52,321035.47,35.79,21
ND,North Dakota,500000,single,138134.25,21389,9805.7,0,169328.95,330671.05,33.87,10
OH,Ohio,500000,single,138134.25,21389,12981.38,0,172504.62,327495.38,34.5,12
OK,Oklahoma,500000,single,138134.25,21389,21954.5,0,181477.75,318522.25,36.3,24
OR,Oregon,500000,single,138134.25,21389,47199.41,1607,208329.66,291670.34,41.67,50
PA,Pennsylvania,500000,single,138134.25,21389,15350,350,175223.25,324776.75,35.04,15
RI,Rhode Island,500000,single,138134.25,21389,25832.17,1159.6,186515.02,313484.98,37.3,36
SC,South Carolina,500000,single,138134.25,21389,28377.9,0,187901.15,312098.85,37.58,39
SD,South Dakota,500000,single,138134.25,21389,0,0,159523.25,340476.75,31.9,5
TN,Tennessee,500000,single,138134.25,21389,0,0,159523.25,340476.75,31.9,6
TX,Texas,500000,single,138134.25,21389,0,0,159523.25,340476.75,31.9,7
UT,Utah,500000,single,138134.25,21389,22250,0,181773.25,318226.75,36.35,27
VT,Vermont,500000,single,138134.25,21389,36942.82,0,196466.08,303533.92,39.29,46
VA,Virginia,500000,single,138134.25,21389,27935.9,0,187459.15,312540.85,37.49,38
WA,Washington,500000,single,138134.25,21389,0,4389.28,163912.53,336087.47,32.78,9
WV,West Virginia,500000,single,138134.25,21389,22010.9,0,181534.15,318465.85,36.31,25
WI,Wisconsin,500000,single,138134.25,21389,29773.99,0,189297.24,310702.76,37.86,40
WY,Wyoming,500000,single,138134.25,21389,0,0,159523.25,340476.75,31.9,8
AL,Alabama,500000,married,102608,21389,19389.6,0,143386.6,356613.4,28.68,21
AK,Alaska,500000,married,102608,21389,0,0,123997,376003,24.8,1
AZ,Arizona,500000,married,102608,21389,11695,0,135692,364308,27.14,11
AR,Arkansas,500000,married,102608,21389,19161.94,0,143158.94,356841.06,28.63,20
CA,California,500000,married,102608,21389,38009.96,6500,168506.96,331493.04,33.7,50
CO,Colorado,500000,married,102608,21389,20583.2,830.25,145410.45,354589.55,29.08,24
CT,Connecticut,500000,married,102608,21389,28000,922.5,152919.5,347080.5,30.58,42
DE,Delaware,500000,married,102608,21389,31334.5,0,155331.5,344668.5,31.07,44
DC,District of Columbia,500000,married,102608,21389,39796.5,0,163793.5,336206.5,32.76,49
FL,Florida,500000,married,102608,21389,0,0,123997,376003,24.8,2
GA,Georgia,500000,married,102608,21389,23453,0,147450,352550,29.49,29
HI,Hawaii,500000,married,102608,21389,36434.48,391,160822.48,339177.52,32.16,47
ID,Idaho,500000,married,102608,21389,24283.43,0,148280.43,351719.57,29.66,31
IL,Illinois,500000,married,102608,21389,24460.43,0,148457.42,351542.58,29.69,32
IN,Indiana,500000,married,102608,21389,14691,0,138688,361312,27.74,14
IA,Iowa,500000,married,102608,21389,17696.4,0,141693.4,358306.6,28.34,17
KS,Kansas,500000,married,102608,21389,26243.15,0,150240.15,349759.85,30.05,37
KY,Kentucky,500000,married,102608,21389,17264.8,0,141261.8,358738.2,28.25,16
LA,Louisiana,500000,married,102608,21389,14227.5,0,138224.5,361775.5,27.64,13
ME,Maine,500000,married,102608,21389,31650.43,0,155647.43,344352.57,31.13,45
MD,Maryland,500000,married,102608,21389,26187.25,0,150184.25,349815.75,30.04,36
MA,Massachusetts,500000,married,102608,21389,24460,848.7,149305.7,350694.3,29.86,33
MI,Michigan,500000,married,102608,21389,20748.5,0,144745.5,355254.5,28.95,22
MN,Minnesota,500000,married,102608,21389,36739.81,811.8,161548.61,338451.39,32.31,48
MS,Mississippi,500000,married,102608,21389,18936,0,142933,357067,28.59,19
MO,Missouri,500000,married,102608,21389,21805.97,0,145802.97,354197.03,29.16,26
MT,Montana,500000,married,102608,21389,25528.2,0,149525.2,350474.8,29.91,34
NE,Nebraska,500000,married,102608,21389,20990.91,0,144987.91,355012.09,29.0,23
NV,Nevada,500000,married,102608,21389,0,0,123997,376003,24.8,3
NH,New Hampshire,500000,married,102608,21389,0,0,123997,376003,24.8,4
NJ,New Jersey,500000,married,102608,21389,27680.1,907.34,152584.44,347415.56,30.52,41
NM,New Mexico,500000,married,102608,21389,23639.2,0,147636.2,352363.8,29.53,30
NY,New York,500000,married,102608,21389,28939.93,451.2,153388.12,346611.88,30.68,43
NC,North Carolina,500000,married,102608,21389,18932.55,0,142929.55,357070.45,28.59,18
ND,North Dakota,500000,married,102608,21389,8476.58,0,132473.58,367526.42,26.49,10
OH,Ohio,500000,married,102608,21389,12981.38,0,136978.38,363021.62,27.4,12
OK,Oklahoma,500000,married,102608,21389,21431,0,145428,354572,29.09,25
OR,Oregon,500000,married,102608,21389,44898.82,1607,170502.82,329497.18,34.1,51
PA,Pennsylvania,500000,married,102608,21389,15350,350,139697,360303,27.94,15
RI,Rhode Island,500000,married,102608,21389,24846.81,1159.6,150003.41,349996.59,30.0,35
SC,South Carolina,500000,married,102608,21389,27411.9,0,151408.9,348591.1,30.28,40
SD,South Dakota,500000,married,102608,21389,0,0,123997,376003,24.8,5
TN,Tennessee,500000,married,102608,21389,0,0,123997,376003,24.8,6
TX,Texas,500000,married,102608,21389,0,0,123997,376003,24.8,7
UT,Utah,500000,married,102608,21389,22250,0,146247,353753,29.25,28
VT,Vermont,500000,married,102608,21389,33316.35,0,157313.35,342686.65,31.46,46
VA,Virginia,500000,married,102608,21389,27379.3,0,151376.3,348623.7,30.28,39
WA,Washington,500000,married,102608,21389,0,4389.28,128386.28,371613.72,25.68,9
WV,West Virginia,500000,married,102608,21389,21919.3,0,145916.3,354083.7,29.18,27
WI,Wisconsin,500000,married,102608,21389,26913.75,0,150910.76,349089.24,30.18,38
WY,Wyoming,500000,married,102608,21389,0,0,123997,376003,24.8,8
